unit,level,kind,section,channel,party,candidate,option,count
de.mv.wk.001,wahlkreis,eligible,,,,,,43726
de.mv.wk.001,wahlkreis,voters,,,,,,34066
de.mv.wk.001,wahlkreis,invalid,erststimme,,,,,924
de.mv.wk.001,wahlkreis,votes,erststimme,,cdu,,,12052
de.mv.wk.001,wahlkreis,votes,erststimme,,spd,,,10585
de.mv.wk.001,wahlkreis,votes,erststimme,,linke,,,8414
de.mv.wk.001,wahlkreis,votes,erststimme,,gruene,,,1079
de.mv.wk.001,wahlkreis,votes,erststimme,,graue,,,470
de.mv.wk.001,wahlkreis,votes,erststimme,,fdp,,,542
de.mv.wk.001,wahlkreis,invalid,zweitstimme,,,,,800
de.mv.wk.001,wahlkreis,votes,zweitstimme,,cdu,,,11263
de.mv.wk.001,wahlkreis,votes,zweitstimme,,spd,,,9486
de.mv.wk.001,wahlkreis,votes,zweitstimme,,linke,,,8299
de.mv.wk.001,wahlkreis,votes,zweitstimme,,bfb,,,63
de.mv.wk.001,wahlkreis,votes,zweitstimme,,gruene,,,1263
de.mv.wk.001,wahlkreis,votes,zweitstimme,,dvu,,,930
de.mv.wk.001,wahlkreis,votes,zweitstimme,,graue,,,242
de.mv.wk.001,wahlkreis,votes,zweitstimme,,rep,,,159
de.mv.wk.001,wahlkreis,votes,zweitstimme,,fdp,,,539
de.mv.wk.001,wahlkreis,votes,zweitstimme,,pro-dm,,,632
de.mv.wk.001,wahlkreis,votes,zweitstimme,,heimat,,,288
de.mv.wk.001,wahlkreis,votes,zweitstimme,,pbc,,,29
de.mv.wk.001,wahlkreis,votes,zweitstimme,,ab-2000,,,73
de.mv.wk.002,wahlkreis,eligible,,,,,,31619
de.mv.wk.002,wahlkreis,voters,,,,,,26146
de.mv.wk.002,wahlkreis,invalid,erststimme,,,,,671
de.mv.wk.002,wahlkreis,votes,erststimme,,cdu,,,8287
de.mv.wk.002,wahlkreis,votes,erststimme,,spd,,,8052
de.mv.wk.002,wahlkreis,votes,erststimme,,linke,,,8719
de.mv.wk.002,wahlkreis,votes,erststimme,,fdp,,,417
de.mv.wk.002,wahlkreis,invalid,zweitstimme,,,,,450
de.mv.wk.002,wahlkreis,votes,zweitstimme,,cdu,,,6935
de.mv.wk.002,wahlkreis,votes,zweitstimme,,spd,,,8284
de.mv.wk.002,wahlkreis,votes,zweitstimme,,linke,,,7939
de.mv.wk.002,wahlkreis,votes,zweitstimme,,bfb,,,41
de.mv.wk.002,wahlkreis,votes,zweitstimme,,gruene,,,781
de.mv.wk.002,wahlkreis,votes,zweitstimme,,dvu,,,547
de.mv.wk.002,wahlkreis,votes,zweitstimme,,graue,,,65
de.mv.wk.002,wahlkreis,votes,zweitstimme,,rep,,,141
de.mv.wk.002,wahlkreis,votes,zweitstimme,,fdp,,,326
de.mv.wk.002,wahlkreis,votes,zweitstimme,,pro-dm,,,362
de.mv.wk.002,wahlkreis,votes,zweitstimme,,heimat,,,165
de.mv.wk.002,wahlkreis,votes,zweitstimme,,pbc,,,44
de.mv.wk.002,wahlkreis,votes,zweitstimme,,ab-2000,,,66
de.mv.wk.003,wahlkreis,eligible,,,,,,28463
de.mv.wk.003,wahlkreis,voters,,,,,,22439
de.mv.wk.003,wahlkreis,invalid,erststimme,,,,,639
de.mv.wk.003,wahlkreis,votes,erststimme,,cdu,,,5786
de.mv.wk.003,wahlkreis,votes,erststimme,,spd,,,8062
de.mv.wk.003,wahlkreis,votes,erststimme,,linke,,,7518
de.mv.wk.003,wahlkreis,votes,erststimme,,fdp,,,434
de.mv.wk.003,wahlkreis,invalid,zweitstimme,,,,,381
de.mv.wk.003,wahlkreis,votes,zweitstimme,,cdu,,,5313
de.mv.wk.003,wahlkreis,votes,zweitstimme,,spd,,,7653
de.mv.wk.003,wahlkreis,votes,zweitstimme,,linke,,,6779
de.mv.wk.003,wahlkreis,votes,zweitstimme,,bfb,,,40
de.mv.wk.003,wahlkreis,votes,zweitstimme,,gruene,,,617
de.mv.wk.003,wahlkreis,votes,zweitstimme,,dvu,,,546
de.mv.wk.003,wahlkreis,votes,zweitstimme,,graue,,,44
de.mv.wk.003,wahlkreis,votes,zweitstimme,,rep,,,153
de.mv.wk.003,wahlkreis,votes,zweitstimme,,fdp,,,267
de.mv.wk.003,wahlkreis,votes,zweitstimme,,pro-dm,,,367
de.mv.wk.003,wahlkreis,votes,zweitstimme,,heimat,,,177
de.mv.wk.003,wahlkreis,votes,zweitstimme,,pbc,,,51
de.mv.wk.003,wahlkreis,votes,zweitstimme,,ab-2000,,,51
de.mv.wk.004,wahlkreis,eligible,,,,,,42642
de.mv.wk.004,wahlkreis,voters,,,,,,33209
de.mv.wk.004,wahlkreis,invalid,erststimme,,,,,917
de.mv.wk.004,wahlkreis,votes,erststimme,,cdu,,,7430
de.mv.wk.004,wahlkreis,votes,erststimme,,spd,,,12531
de.mv.wk.004,wahlkreis,votes,erststimme,,linke,,,10394
de.mv.wk.004,wahlkreis,votes,erststimme,,gruene,,,883
de.mv.wk.004,wahlkreis,votes,erststimme,,graue,,,344
de.mv.wk.004,wahlkreis,votes,erststimme,,fdp,,,527
de.mv.wk.004,wahlkreis,votes,erststimme,,ab-2000,,,183
de.mv.wk.004,wahlkreis,invalid,zweitstimme,,,,,644
de.mv.wk.004,wahlkreis,votes,zweitstimme,,cdu,,,7208
de.mv.wk.004,wahlkreis,votes,zweitstimme,,spd,,,12231
de.mv.wk.004,wahlkreis,votes,zweitstimme,,linke,,,9780
de.mv.wk.004,wahlkreis,votes,zweitstimme,,bfb,,,27
de.mv.wk.004,wahlkreis,votes,zweitstimme,,gruene,,,971
de.mv.wk.004,wahlkreis,votes,zweitstimme,,dvu,,,693
de.mv.wk.004,wahlkreis,votes,zweitstimme,,graue,,,132
de.mv.wk.004,wahlkreis,votes,zweitstimme,,rep,,,115
de.mv.wk.004,wahlkreis,votes,zweitstimme,,fdp,,,443
de.mv.wk.004,wahlkreis,votes,zweitstimme,,pro-dm,,,375
de.mv.wk.004,wahlkreis,votes,zweitstimme,,heimat,,,466
de.mv.wk.004,wahlkreis,votes,zweitstimme,,pbc,,,32
de.mv.wk.004,wahlkreis,votes,zweitstimme,,ab-2000,,,92
de.mv.wk.005,wahlkreis,eligible,,,,,,42098
de.mv.wk.005,wahlkreis,voters,,,,,,33412
de.mv.wk.005,wahlkreis,invalid,erststimme,,,,,1163
de.mv.wk.005,wahlkreis,votes,erststimme,,cdu,,,6611
de.mv.wk.005,wahlkreis,votes,erststimme,,spd,,,13395
de.mv.wk.005,wahlkreis,votes,erststimme,,linke,,,10927
de.mv.wk.005,wahlkreis,votes,erststimme,,gruene,,,847
de.mv.wk.005,wahlkreis,votes,erststimme,,fdp,,,469
de.mv.wk.005,wahlkreis,invalid,zweitstimme,,,,,732
de.mv.wk.005,wahlkreis,votes,zweitstimme,,cdu,,,6622
de.mv.wk.005,wahlkreis,votes,zweitstimme,,spd,,,12822
de.mv.wk.005,wahlkreis,votes,zweitstimme,,linke,,,10540
de.mv.wk.005,wahlkreis,votes,zweitstimme,,bfb,,,42
de.mv.wk.005,wahlkreis,votes,zweitstimme,,gruene,,,799
de.mv.wk.005,wahlkreis,votes,zweitstimme,,dvu,,,656
de.mv.wk.005,wahlkreis,votes,zweitstimme,,graue,,,109
de.mv.wk.005,wahlkreis,votes,zweitstimme,,rep,,,108
de.mv.wk.005,wahlkreis,votes,zweitstimme,,fdp,,,335
de.mv.wk.005,wahlkreis,votes,zweitstimme,,pro-dm,,,308
de.mv.wk.005,wahlkreis,votes,zweitstimme,,heimat,,,280
de.mv.wk.005,wahlkreis,votes,zweitstimme,,pbc,,,13
de.mv.wk.005,wahlkreis,votes,zweitstimme,,ab-2000,,,46
de.mv.wk.006,wahlkreis,eligible,,,,,,39739
de.mv.wk.006,wahlkreis,voters,,,,,,32757
de.mv.wk.006,wahlkreis,invalid,erststimme,,,,,915
de.mv.wk.006,wahlkreis,votes,erststimme,,cdu,,,7783
de.mv.wk.006,wahlkreis,votes,erststimme,,spd,,,12361
de.mv.wk.006,wahlkreis,votes,erststimme,,linke,,,9528
de.mv.wk.006,wahlkreis,votes,erststimme,,gruene,,,1552
de.mv.wk.006,wahlkreis,votes,erststimme,,fdp,,,443
de.mv.wk.006,wahlkreis,votes,erststimme,,ab-2000,,,175
de.mv.wk.006,wahlkreis,invalid,zweitstimme,,,,,638
de.mv.wk.006,wahlkreis,votes,zweitstimme,,cdu,,,7700
de.mv.wk.006,wahlkreis,votes,zweitstimme,,spd,,,12060
de.mv.wk.006,wahlkreis,votes,zweitstimme,,linke,,,9021
de.mv.wk.006,wahlkreis,votes,zweitstimme,,bfb,,,51
de.mv.wk.006,wahlkreis,votes,zweitstimme,,gruene,,,1580
de.mv.wk.006,wahlkreis,votes,zweitstimme,,dvu,,,506
de.mv.wk.006,wahlkreis,votes,zweitstimme,,graue,,,73
de.mv.wk.006,wahlkreis,votes,zweitstimme,,rep,,,72
de.mv.wk.006,wahlkreis,votes,zweitstimme,,fdp,,,470
de.mv.wk.006,wahlkreis,votes,zweitstimme,,pro-dm,,,296
de.mv.wk.006,wahlkreis,votes,zweitstimme,,heimat,,,220
de.mv.wk.006,wahlkreis,votes,zweitstimme,,pbc,,,24
de.mv.wk.006,wahlkreis,votes,zweitstimme,,ab-2000,,,46
de.mv.wk.007,wahlkreis,eligible,,,,,,42173
de.mv.wk.007,wahlkreis,voters,,,,,,32634
de.mv.wk.007,wahlkreis,invalid,erststimme,,,,,945
de.mv.wk.007,wahlkreis,votes,erststimme,,cdu,,,6621
de.mv.wk.007,wahlkreis,votes,erststimme,,spd,,,13088
de.mv.wk.007,wahlkreis,votes,erststimme,,linke,,,9699
de.mv.wk.007,wahlkreis,votes,erststimme,,gruene,,,1375
de.mv.wk.007,wahlkreis,votes,erststimme,,fdp,,,586
de.mv.wk.007,wahlkreis,votes,erststimme,,ab-2000,,,320
de.mv.wk.007,wahlkreis,invalid,zweitstimme,,,,,614
de.mv.wk.007,wahlkreis,votes,zweitstimme,,cdu,,,6789
de.mv.wk.007,wahlkreis,votes,zweitstimme,,spd,,,11686
de.mv.wk.007,wahlkreis,votes,zweitstimme,,linke,,,9798
de.mv.wk.007,wahlkreis,votes,zweitstimme,,bfb,,,71
de.mv.wk.007,wahlkreis,votes,zweitstimme,,gruene,,,1360
de.mv.wk.007,wahlkreis,votes,zweitstimme,,dvu,,,669
de.mv.wk.007,wahlkreis,votes,zweitstimme,,graue,,,70
de.mv.wk.007,wahlkreis,votes,zweitstimme,,rep,,,98
de.mv.wk.007,wahlkreis,votes,zweitstimme,,fdp,,,528
de.mv.wk.007,wahlkreis,votes,zweitstimme,,pro-dm,,,346
de.mv.wk.007,wahlkreis,votes,zweitstimme,,heimat,,,413
de.mv.wk.007,wahlkreis,votes,zweitstimme,,pbc,,,32
de.mv.wk.007,wahlkreis,votes,zweitstimme,,ab-2000,,,160
de.mv.wk.008,wahlkreis,eligible,,,,,,43654
de.mv.wk.008,wahlkreis,voters,,,,,,34932
de.mv.wk.008,wahlkreis,invalid,erststimme,,,,,693
de.mv.wk.008,wahlkreis,votes,erststimme,,cdu,,,9168
de.mv.wk.008,wahlkreis,votes,erststimme,,spd,,,11926
de.mv.wk.008,wahlkreis,votes,erststimme,,linke,,,9936
de.mv.wk.008,wahlkreis,votes,erststimme,,gruene,,,1862
de.mv.wk.008,wahlkreis,votes,erststimme,,rep,,,389
de.mv.wk.008,wahlkreis,votes,erststimme,,fdp,,,450
de.mv.wk.008,wahlkreis,votes,erststimme,,ab-2000,,,508
de.mv.wk.008,wahlkreis,invalid,zweitstimme,,,,,488
de.mv.wk.008,wahlkreis,votes,zweitstimme,,cdu,,,8579
de.mv.wk.008,wahlkreis,votes,zweitstimme,,spd,,,12014
de.mv.wk.008,wahlkreis,votes,zweitstimme,,linke,,,9966
de.mv.wk.008,wahlkreis,votes,zweitstimme,,bfb,,,19
de.mv.wk.008,wahlkreis,votes,zweitstimme,,gruene,,,1636
de.mv.wk.008,wahlkreis,votes,zweitstimme,,dvu,,,656
de.mv.wk.008,wahlkreis,votes,zweitstimme,,graue,,,106
de.mv.wk.008,wahlkreis,votes,zweitstimme,,rep,,,112
de.mv.wk.008,wahlkreis,votes,zweitstimme,,fdp,,,532
de.mv.wk.008,wahlkreis,votes,zweitstimme,,pro-dm,,,277
de.mv.wk.008,wahlkreis,votes,zweitstimme,,heimat,,,126
de.mv.wk.008,wahlkreis,votes,zweitstimme,,pbc,,,28
de.mv.wk.008,wahlkreis,votes,zweitstimme,,ab-2000,,,393
de.mv.wk.009,wahlkreis,eligible,,,,,,40757
de.mv.wk.009,wahlkreis,voters,,,,,,31695
de.mv.wk.009,wahlkreis,invalid,erststimme,,,,,825
de.mv.wk.009,wahlkreis,votes,erststimme,,cdu,,,6658
de.mv.wk.009,wahlkreis,votes,erststimme,,spd,,,10337
de.mv.wk.009,wahlkreis,votes,erststimme,,linke,,,11337
de.mv.wk.009,wahlkreis,votes,erststimme,,gruene,,,1116
de.mv.wk.009,wahlkreis,votes,erststimme,,rep,,,510
de.mv.wk.009,wahlkreis,votes,erststimme,,fdp,,,456
de.mv.wk.009,wahlkreis,votes,erststimme,,ab-2000,,,456
de.mv.wk.009,wahlkreis,invalid,zweitstimme,,,,,550
de.mv.wk.009,wahlkreis,votes,zweitstimme,,cdu,,,6787
de.mv.wk.009,wahlkreis,votes,zweitstimme,,spd,,,11409
de.mv.wk.009,wahlkreis,votes,zweitstimme,,linke,,,9855
de.mv.wk.009,wahlkreis,votes,zweitstimme,,bfb,,,38
de.mv.wk.009,wahlkreis,votes,zweitstimme,,gruene,,,953
de.mv.wk.009,wahlkreis,votes,zweitstimme,,dvu,,,723
de.mv.wk.009,wahlkreis,votes,zweitstimme,,graue,,,110
de.mv.wk.009,wahlkreis,votes,zweitstimme,,rep,,,156
de.mv.wk.009,wahlkreis,votes,zweitstimme,,fdp,,,366
de.mv.wk.009,wahlkreis,votes,zweitstimme,,pro-dm,,,300
de.mv.wk.009,wahlkreis,votes,zweitstimme,,heimat,,,166
de.mv.wk.009,wahlkreis,votes,zweitstimme,,pbc,,,24
de.mv.wk.009,wahlkreis,votes,zweitstimme,,ab-2000,,,258
de.mv.wk.010,wahlkreis,eligible,,,,,,37747
de.mv.wk.010,wahlkreis,voters,,,,,,29725
de.mv.wk.010,wahlkreis,invalid,erststimme,,,,,938
de.mv.wk.010,wahlkreis,votes,erststimme,,cdu,,,7401
de.mv.wk.010,wahlkreis,votes,erststimme,,spd,,,14213
de.mv.wk.010,wahlkreis,votes,erststimme,,linke,,,5761
de.mv.wk.010,wahlkreis,votes,erststimme,,gruene,,,612
de.mv.wk.010,wahlkreis,votes,erststimme,,fdp,,,500
de.mv.wk.010,wahlkreis,votes,erststimme,,ab-2000,,,300
de.mv.wk.010,wahlkreis,invalid,zweitstimme,,,,,615
de.mv.wk.010,wahlkreis,votes,zweitstimme,,cdu,,,7578
de.mv.wk.010,wahlkreis,votes,zweitstimme,,spd,,,12641
de.mv.wk.010,wahlkreis,votes,zweitstimme,,linke,,,6000
de.mv.wk.010,wahlkreis,votes,zweitstimme,,bfb,,,29
de.mv.wk.010,wahlkreis,votes,zweitstimme,,gruene,,,731
de.mv.wk.010,wahlkreis,votes,zweitstimme,,dvu,,,909
de.mv.wk.010,wahlkreis,votes,zweitstimme,,graue,,,82
de.mv.wk.010,wahlkreis,votes,zweitstimme,,rep,,,67
de.mv.wk.010,wahlkreis,votes,zweitstimme,,fdp,,,383
de.mv.wk.010,wahlkreis,votes,zweitstimme,,pro-dm,,,342
de.mv.wk.010,wahlkreis,votes,zweitstimme,,heimat,,,180
de.mv.wk.010,wahlkreis,votes,zweitstimme,,pbc,,,13
de.mv.wk.010,wahlkreis,votes,zweitstimme,,ab-2000,,,155
de.mv.wk.011,wahlkreis,eligible,,,,,,40508
de.mv.wk.011,wahlkreis,voters,,,,,,33023
de.mv.wk.011,wahlkreis,invalid,erststimme,,,,,1090
de.mv.wk.011,wahlkreis,votes,erststimme,,cdu,,,10065
de.mv.wk.011,wahlkreis,votes,erststimme,,spd,,,12234
de.mv.wk.011,wahlkreis,votes,erststimme,,linke,,,7508
de.mv.wk.011,wahlkreis,votes,erststimme,,gruene,,,893
de.mv.wk.011,wahlkreis,votes,erststimme,,fdp,,,593
de.mv.wk.011,wahlkreis,votes,erststimme,,heimat,,,640
de.mv.wk.011,wahlkreis,invalid,zweitstimme,,,,,818
de.mv.wk.011,wahlkreis,votes,zweitstimme,,cdu,,,9567
de.mv.wk.011,wahlkreis,votes,zweitstimme,,spd,,,11895
de.mv.wk.011,wahlkreis,votes,zweitstimme,,linke,,,7436
de.mv.wk.011,wahlkreis,votes,zweitstimme,,bfb,,,63
de.mv.wk.011,wahlkreis,votes,zweitstimme,,gruene,,,866
de.mv.wk.011,wahlkreis,votes,zweitstimme,,dvu,,,774
de.mv.wk.011,wahlkreis,votes,zweitstimme,,graue,,,77
de.mv.wk.011,wahlkreis,votes,zweitstimme,,rep,,,74
de.mv.wk.011,wahlkreis,votes,zweitstimme,,fdp,,,486
de.mv.wk.011,wahlkreis,votes,zweitstimme,,pro-dm,,,385
de.mv.wk.011,wahlkreis,votes,zweitstimme,,heimat,,,450
de.mv.wk.011,wahlkreis,votes,zweitstimme,,pbc,,,36
de.mv.wk.011,wahlkreis,votes,zweitstimme,,ab-2000,,,96
de.mv.wk.012,wahlkreis,eligible,,,,,,45630
de.mv.wk.012,wahlkreis,voters,,,,,,37239
de.mv.wk.012,wahlkreis,invalid,erststimme,,,,,1108
de.mv.wk.012,wahlkreis,votes,erststimme,,cdu,,,11742
de.mv.wk.012,wahlkreis,votes,erststimme,,spd,,,12940
de.mv.wk.012,wahlkreis,votes,erststimme,,linke,,,8867
de.mv.wk.012,wahlkreis,votes,erststimme,,gruene,,,1163
de.mv.wk.012,wahlkreis,votes,erststimme,,fdp,,,713
de.mv.wk.012,wahlkreis,votes,erststimme,,heimat,,,706
de.mv.wk.012,wahlkreis,invalid,zweitstimme,,,,,885
de.mv.wk.012,wahlkreis,votes,zweitstimme,,cdu,,,11107
de.mv.wk.012,wahlkreis,votes,zweitstimme,,spd,,,12315
de.mv.wk.012,wahlkreis,votes,zweitstimme,,linke,,,9122
de.mv.wk.012,wahlkreis,votes,zweitstimme,,bfb,,,44
de.mv.wk.012,wahlkreis,votes,zweitstimme,,gruene,,,1082
de.mv.wk.012,wahlkreis,votes,zweitstimme,,dvu,,,727
de.mv.wk.012,wahlkreis,votes,zweitstimme,,graue,,,76
de.mv.wk.012,wahlkreis,votes,zweitstimme,,rep,,,118
de.mv.wk.012,wahlkreis,votes,zweitstimme,,fdp,,,742
de.mv.wk.012,wahlkreis,votes,zweitstimme,,pro-dm,,,425
de.mv.wk.012,wahlkreis,votes,zweitstimme,,heimat,,,487
de.mv.wk.012,wahlkreis,votes,zweitstimme,,pbc,,,36
de.mv.wk.012,wahlkreis,votes,zweitstimme,,ab-2000,,,73
de.mv.wk.013,wahlkreis,eligible,,,,,,37018
de.mv.wk.013,wahlkreis,voters,,,,,,29612
de.mv.wk.013,wahlkreis,invalid,erststimme,,,,,1980
de.mv.wk.013,wahlkreis,votes,erststimme,,cdu,,,12460
de.mv.wk.013,wahlkreis,votes,erststimme,,spd,,,7863
de.mv.wk.013,wahlkreis,votes,erststimme,,linke,,,6175
de.mv.wk.013,wahlkreis,votes,erststimme,,gruene,,,432
de.mv.wk.013,wahlkreis,votes,erststimme,,fdp,,,419
de.mv.wk.013,wahlkreis,votes,erststimme,,,de.mv.wk.013.einzelbewerber,,283
de.mv.wk.013,wahlkreis,invalid,zweitstimme,,,,,1680
de.mv.wk.013,wahlkreis,votes,zweitstimme,,cdu,,,11458
de.mv.wk.013,wahlkreis,votes,zweitstimme,,spd,,,7610
de.mv.wk.013,wahlkreis,votes,zweitstimme,,linke,,,5755
de.mv.wk.013,wahlkreis,votes,zweitstimme,,bfb,,,95
de.mv.wk.013,wahlkreis,votes,zweitstimme,,gruene,,,412
de.mv.wk.013,wahlkreis,votes,zweitstimme,,dvu,,,1139
de.mv.wk.013,wahlkreis,votes,zweitstimme,,graue,,,46
de.mv.wk.013,wahlkreis,votes,zweitstimme,,rep,,,167
de.mv.wk.013,wahlkreis,votes,zweitstimme,,fdp,,,308
de.mv.wk.013,wahlkreis,votes,zweitstimme,,pro-dm,,,561
de.mv.wk.013,wahlkreis,votes,zweitstimme,,heimat,,,306
de.mv.wk.013,wahlkreis,votes,zweitstimme,,pbc,,,25
de.mv.wk.013,wahlkreis,votes,zweitstimme,,ab-2000,,,50
de.mv.wk.014,wahlkreis,eligible,,,,,,38387
de.mv.wk.014,wahlkreis,voters,,,,,,30500
de.mv.wk.014,wahlkreis,invalid,erststimme,,,,,1312
de.mv.wk.014,wahlkreis,votes,erststimme,,cdu,,,11033
de.mv.wk.014,wahlkreis,votes,erststimme,,spd,,,9412
de.mv.wk.014,wahlkreis,votes,erststimme,,linke,,,6424
de.mv.wk.014,wahlkreis,votes,erststimme,,gruene,,,478
de.mv.wk.014,wahlkreis,votes,erststimme,,rep,,,654
de.mv.wk.014,wahlkreis,votes,erststimme,,fdp,,,1024
de.mv.wk.014,wahlkreis,votes,erststimme,,,de.mv.wk.014.einzelbewerber,,163
de.mv.wk.014,wahlkreis,invalid,zweitstimme,,,,,1218
de.mv.wk.014,wahlkreis,votes,zweitstimme,,cdu,,,10290
de.mv.wk.014,wahlkreis,votes,zweitstimme,,spd,,,9326
de.mv.wk.014,wahlkreis,votes,zweitstimme,,linke,,,6394
de.mv.wk.014,wahlkreis,votes,zweitstimme,,bfb,,,71
de.mv.wk.014,wahlkreis,votes,zweitstimme,,gruene,,,565
de.mv.wk.014,wahlkreis,votes,zweitstimme,,dvu,,,918
de.mv.wk.014,wahlkreis,votes,zweitstimme,,graue,,,70
de.mv.wk.014,wahlkreis,votes,zweitstimme,,rep,,,280
de.mv.wk.014,wahlkreis,votes,zweitstimme,,fdp,,,618
de.mv.wk.014,wahlkreis,votes,zweitstimme,,pro-dm,,,463
de.mv.wk.014,wahlkreis,votes,zweitstimme,,heimat,,,223
de.mv.wk.014,wahlkreis,votes,zweitstimme,,pbc,,,30
de.mv.wk.014,wahlkreis,votes,zweitstimme,,ab-2000,,,34
de.mv.wk.015,wahlkreis,eligible,,,,,,46154
de.mv.wk.015,wahlkreis,voters,,,,,,36915
de.mv.wk.015,wahlkreis,invalid,erststimme,,,,,1574
de.mv.wk.015,wahlkreis,votes,erststimme,,cdu,,,12364
de.mv.wk.015,wahlkreis,votes,erststimme,,spd,,,13102
de.mv.wk.015,wahlkreis,votes,erststimme,,linke,,,7937
de.mv.wk.015,wahlkreis,votes,erststimme,,gruene,,,870
de.mv.wk.015,wahlkreis,votes,erststimme,,fdp,,,693
de.mv.wk.015,wahlkreis,votes,erststimme,,,de.mv.wk.015.einzelbewerber,,375
de.mv.wk.015,wahlkreis,invalid,zweitstimme,,,,,1145
de.mv.wk.015,wahlkreis,votes,zweitstimme,,cdu,,,11947
de.mv.wk.015,wahlkreis,votes,zweitstimme,,spd,,,12160
de.mv.wk.015,wahlkreis,votes,zweitstimme,,linke,,,7769
de.mv.wk.015,wahlkreis,votes,zweitstimme,,bfb,,,95
de.mv.wk.015,wahlkreis,votes,zweitstimme,,gruene,,,765
de.mv.wk.015,wahlkreis,votes,zweitstimme,,dvu,,,1273
de.mv.wk.015,wahlkreis,votes,zweitstimme,,graue,,,44
de.mv.wk.015,wahlkreis,votes,zweitstimme,,rep,,,173
de.mv.wk.015,wahlkreis,votes,zweitstimme,,fdp,,,675
de.mv.wk.015,wahlkreis,votes,zweitstimme,,pro-dm,,,529
de.mv.wk.015,wahlkreis,votes,zweitstimme,,heimat,,,230
de.mv.wk.015,wahlkreis,votes,zweitstimme,,pbc,,,40
de.mv.wk.015,wahlkreis,votes,zweitstimme,,ab-2000,,,70
de.mv.wk.016,wahlkreis,eligible,,,,,,42525
de.mv.wk.016,wahlkreis,voters,,,,,,34189
de.mv.wk.016,wahlkreis,invalid,erststimme,,,,,1452
de.mv.wk.016,wahlkreis,votes,erststimme,,cdu,,,9126
de.mv.wk.016,wahlkreis,votes,erststimme,,spd,,,13393
de.mv.wk.016,wahlkreis,votes,erststimme,,linke,,,8518
de.mv.wk.016,wahlkreis,votes,erststimme,,gruene,,,828
de.mv.wk.016,wahlkreis,votes,erststimme,,fdp,,,579
de.mv.wk.016,wahlkreis,votes,erststimme,,ab-2000,,,293
de.mv.wk.016,wahlkreis,invalid,zweitstimme,,,,,952
de.mv.wk.016,wahlkreis,votes,zweitstimme,,cdu,,,8833
de.mv.wk.016,wahlkreis,votes,zweitstimme,,spd,,,12470
de.mv.wk.016,wahlkreis,votes,zweitstimme,,linke,,,8191
de.mv.wk.016,wahlkreis,votes,zweitstimme,,bfb,,,175
de.mv.wk.016,wahlkreis,votes,zweitstimme,,gruene,,,966
de.mv.wk.016,wahlkreis,votes,zweitstimme,,dvu,,,967
de.mv.wk.016,wahlkreis,votes,zweitstimme,,graue,,,48
de.mv.wk.016,wahlkreis,votes,zweitstimme,,rep,,,97
de.mv.wk.016,wahlkreis,votes,zweitstimme,,fdp,,,644
de.mv.wk.016,wahlkreis,votes,zweitstimme,,pro-dm,,,419
de.mv.wk.016,wahlkreis,votes,zweitstimme,,heimat,,,288
de.mv.wk.016,wahlkreis,votes,zweitstimme,,pbc,,,24
de.mv.wk.016,wahlkreis,votes,zweitstimme,,ab-2000,,,115
de.mv.wk.017,wahlkreis,eligible,,,,,,33975
de.mv.wk.017,wahlkreis,voters,,,,,,26972
de.mv.wk.017,wahlkreis,invalid,erststimme,,,,,980
de.mv.wk.017,wahlkreis,votes,erststimme,,cdu,,,7107
de.mv.wk.017,wahlkreis,votes,erststimme,,spd,,,12595
de.mv.wk.017,wahlkreis,votes,erststimme,,linke,,,5147
de.mv.wk.017,wahlkreis,votes,erststimme,,fdp,,,450
de.mv.wk.017,wahlkreis,votes,erststimme,,,de.mv.wk.017.einzelbewerber,,693
de.mv.wk.017,wahlkreis,invalid,zweitstimme,,,,,807
de.mv.wk.017,wahlkreis,votes,zweitstimme,,cdu,,,7055
de.mv.wk.017,wahlkreis,votes,zweitstimme,,spd,,,10959
de.mv.wk.017,wahlkreis,votes,zweitstimme,,linke,,,5647
de.mv.wk.017,wahlkreis,votes,zweitstimme,,bfb,,,36
de.mv.wk.017,wahlkreis,votes,zweitstimme,,gruene,,,545
de.mv.wk.017,wahlkreis,votes,zweitstimme,,dvu,,,747
de.mv.wk.017,wahlkreis,votes,zweitstimme,,graue,,,45
de.mv.wk.017,wahlkreis,votes,zweitstimme,,rep,,,119
de.mv.wk.017,wahlkreis,votes,zweitstimme,,fdp,,,457
de.mv.wk.017,wahlkreis,votes,zweitstimme,,pro-dm,,,274
de.mv.wk.017,wahlkreis,votes,zweitstimme,,heimat,,,221
de.mv.wk.017,wahlkreis,votes,zweitstimme,,pbc,,,19
de.mv.wk.017,wahlkreis,votes,zweitstimme,,ab-2000,,,41
de.mv.wk.018,wahlkreis,eligible,,,,,,34512
de.mv.wk.018,wahlkreis,voters,,,,,,27567
de.mv.wk.018,wahlkreis,invalid,erststimme,,,,,1035
de.mv.wk.018,wahlkreis,votes,erststimme,,cdu,,,8385
de.mv.wk.018,wahlkreis,votes,erststimme,,spd,,,10750
de.mv.wk.018,wahlkreis,votes,erststimme,,linke,,,6617
de.mv.wk.018,wahlkreis,votes,erststimme,,fdp,,,455
de.mv.wk.018,wahlkreis,votes,erststimme,,ab-2000,,,325
de.mv.wk.018,wahlkreis,invalid,zweitstimme,,,,,652
de.mv.wk.018,wahlkreis,votes,zweitstimme,,cdu,,,7968
de.mv.wk.018,wahlkreis,votes,zweitstimme,,spd,,,10192
de.mv.wk.018,wahlkreis,votes,zweitstimme,,linke,,,6264
de.mv.wk.018,wahlkreis,votes,zweitstimme,,bfb,,,18
de.mv.wk.018,wahlkreis,votes,zweitstimme,,gruene,,,685
de.mv.wk.018,wahlkreis,votes,zweitstimme,,dvu,,,686
de.mv.wk.018,wahlkreis,votes,zweitstimme,,graue,,,45
de.mv.wk.018,wahlkreis,votes,zweitstimme,,rep,,,89
de.mv.wk.018,wahlkreis,votes,zweitstimme,,fdp,,,400
de.mv.wk.018,wahlkreis,votes,zweitstimme,,pro-dm,,,245
de.mv.wk.018,wahlkreis,votes,zweitstimme,,heimat,,,157
de.mv.wk.018,wahlkreis,votes,zweitstimme,,pbc,,,20
de.mv.wk.018,wahlkreis,votes,zweitstimme,,ab-2000,,,146
de.mv.wk.019,wahlkreis,eligible,,,,,,32348
de.mv.wk.019,wahlkreis,voters,,,,,,26130
de.mv.wk.019,wahlkreis,invalid,erststimme,,,,,1013
de.mv.wk.019,wahlkreis,votes,erststimme,,cdu,,,8040
de.mv.wk.019,wahlkreis,votes,erststimme,,spd,,,10149
de.mv.wk.019,wahlkreis,votes,erststimme,,linke,,,5637
de.mv.wk.019,wahlkreis,votes,erststimme,,fdp,,,324
de.mv.wk.019,wahlkreis,votes,erststimme,,,de.mv.wk.019.einzelbewerber,,967
de.mv.wk.019,wahlkreis,invalid,zweitstimme,,,,,716
de.mv.wk.019,wahlkreis,votes,zweitstimme,,cdu,,,7735
de.mv.wk.019,wahlkreis,votes,zweitstimme,,spd,,,9479
de.mv.wk.019,wahlkreis,votes,zweitstimme,,linke,,,5578
de.mv.wk.019,wahlkreis,votes,zweitstimme,,bfb,,,39
de.mv.wk.019,wahlkreis,votes,zweitstimme,,gruene,,,761
de.mv.wk.019,wahlkreis,votes,zweitstimme,,dvu,,,761
de.mv.wk.019,wahlkreis,votes,zweitstimme,,graue,,,32
de.mv.wk.019,wahlkreis,votes,zweitstimme,,rep,,,70
de.mv.wk.019,wahlkreis,votes,zweitstimme,,fdp,,,354
de.mv.wk.019,wahlkreis,votes,zweitstimme,,pro-dm,,,294
de.mv.wk.019,wahlkreis,votes,zweitstimme,,heimat,,,228
de.mv.wk.019,wahlkreis,votes,zweitstimme,,pbc,,,25
de.mv.wk.019,wahlkreis,votes,zweitstimme,,ab-2000,,,58
de.mv.wk.020,wahlkreis,eligible,,,,,,44853
de.mv.wk.020,wahlkreis,voters,,,,,,36533
de.mv.wk.020,wahlkreis,invalid,erststimme,,,,,1252
de.mv.wk.020,wahlkreis,votes,erststimme,,cdu,,,12078
de.mv.wk.020,wahlkreis,votes,erststimme,,spd,,,14000
de.mv.wk.020,wahlkreis,votes,erststimme,,linke,,,7528
de.mv.wk.020,wahlkreis,votes,erststimme,,gruene,,,1149
de.mv.wk.020,wahlkreis,votes,erststimme,,fdp,,,526
de.mv.wk.020,wahlkreis,invalid,zweitstimme,,,,,1136
de.mv.wk.020,wahlkreis,votes,zweitstimme,,cdu,,,10777
de.mv.wk.020,wahlkreis,votes,zweitstimme,,spd,,,13013
de.mv.wk.020,wahlkreis,votes,zweitstimme,,linke,,,7743
de.mv.wk.020,wahlkreis,votes,zweitstimme,,bfb,,,83
de.mv.wk.020,wahlkreis,votes,zweitstimme,,gruene,,,1205
de.mv.wk.020,wahlkreis,votes,zweitstimme,,dvu,,,1154
de.mv.wk.020,wahlkreis,votes,zweitstimme,,graue,,,55
de.mv.wk.020,wahlkreis,votes,zweitstimme,,rep,,,143
de.mv.wk.020,wahlkreis,votes,zweitstimme,,fdp,,,483
de.mv.wk.020,wahlkreis,votes,zweitstimme,,pro-dm,,,470
de.mv.wk.020,wahlkreis,votes,zweitstimme,,heimat,,,193
de.mv.wk.020,wahlkreis,votes,zweitstimme,,pbc,,,36
de.mv.wk.020,wahlkreis,votes,zweitstimme,,ab-2000,,,42
de.mv.wk.021,wahlkreis,eligible,,,,,,41379
de.mv.wk.021,wahlkreis,voters,,,,,,33662
de.mv.wk.021,wahlkreis,invalid,erststimme,,,,,1230
de.mv.wk.021,wahlkreis,votes,erststimme,,cdu,,,9855
de.mv.wk.021,wahlkreis,votes,erststimme,,spd,,,12601
de.mv.wk.021,wahlkreis,votes,erststimme,,linke,,,7599
de.mv.wk.021,wahlkreis,votes,erststimme,,gruene,,,709
de.mv.wk.021,wahlkreis,votes,erststimme,,rep,,,876
de.mv.wk.021,wahlkreis,votes,erststimme,,fdp,,,792
de.mv.wk.021,wahlkreis,invalid,zweitstimme,,,,,1074
de.mv.wk.021,wahlkreis,votes,zweitstimme,,cdu,,,9420
de.mv.wk.021,wahlkreis,votes,zweitstimme,,spd,,,11680
de.mv.wk.021,wahlkreis,votes,zweitstimme,,linke,,,7509
de.mv.wk.021,wahlkreis,votes,zweitstimme,,bfb,,,61
de.mv.wk.021,wahlkreis,votes,zweitstimme,,gruene,,,889
de.mv.wk.021,wahlkreis,votes,zweitstimme,,dvu,,,1065
de.mv.wk.021,wahlkreis,votes,zweitstimme,,graue,,,108
de.mv.wk.021,wahlkreis,votes,zweitstimme,,rep,,,296
de.mv.wk.021,wahlkreis,votes,zweitstimme,,fdp,,,560
de.mv.wk.021,wahlkreis,votes,zweitstimme,,pro-dm,,,549
de.mv.wk.021,wahlkreis,votes,zweitstimme,,heimat,,,372
de.mv.wk.021,wahlkreis,votes,zweitstimme,,pbc,,,32
de.mv.wk.021,wahlkreis,votes,zweitstimme,,ab-2000,,,47
de.mv.wk.022,wahlkreis,eligible,,,,,,37831
de.mv.wk.022,wahlkreis,voters,,,,,,30833
de.mv.wk.022,wahlkreis,invalid,erststimme,,,,,1471
de.mv.wk.022,wahlkreis,votes,erststimme,,cdu,,,11170
de.mv.wk.022,wahlkreis,votes,erststimme,,spd,,,10006
de.mv.wk.022,wahlkreis,votes,erststimme,,linke,,,7183
de.mv.wk.022,wahlkreis,votes,erststimme,,fdp,,,672
de.mv.wk.022,wahlkreis,votes,erststimme,,,de.mv.wk.022.einzelbewerber,,331
de.mv.wk.022,wahlkreis,invalid,zweitstimme,,,,,977
de.mv.wk.022,wahlkreis,votes,zweitstimme,,cdu,,,10421
de.mv.wk.022,wahlkreis,votes,zweitstimme,,spd,,,9426
de.mv.wk.022,wahlkreis,votes,zweitstimme,,linke,,,6528
de.mv.wk.022,wahlkreis,votes,zweitstimme,,bfb,,,56
de.mv.wk.022,wahlkreis,votes,zweitstimme,,gruene,,,681
de.mv.wk.022,wahlkreis,votes,zweitstimme,,dvu,,,1057
de.mv.wk.022,wahlkreis,votes,zweitstimme,,graue,,,40
de.mv.wk.022,wahlkreis,votes,zweitstimme,,rep,,,256
de.mv.wk.022,wahlkreis,votes,zweitstimme,,fdp,,,520
de.mv.wk.022,wahlkreis,votes,zweitstimme,,pro-dm,,,464
de.mv.wk.022,wahlkreis,votes,zweitstimme,,heimat,,,301
de.mv.wk.022,wahlkreis,votes,zweitstimme,,pbc,,,57
de.mv.wk.022,wahlkreis,votes,zweitstimme,,ab-2000,,,49
de.mv.wk.023,wahlkreis,eligible,,,,,,34920
de.mv.wk.023,wahlkreis,voters,,,,,,28108
de.mv.wk.023,wahlkreis,invalid,erststimme,,,,,1135
de.mv.wk.023,wahlkreis,votes,erststimme,,cdu,,,9853
de.mv.wk.023,wahlkreis,votes,erststimme,,spd,,,9474
de.mv.wk.023,wahlkreis,votes,erststimme,,linke,,,6609
de.mv.wk.023,wahlkreis,votes,erststimme,,fdp,,,396
de.mv.wk.023,wahlkreis,votes,erststimme,,ab-2000,,,265
de.mv.wk.023,wahlkreis,votes,erststimme,,,de.mv.wk.023.einzelbewerber,,376
de.mv.wk.023,wahlkreis,invalid,zweitstimme,,,,,885
de.mv.wk.023,wahlkreis,votes,zweitstimme,,cdu,,,8930
de.mv.wk.023,wahlkreis,votes,zweitstimme,,spd,,,9031
de.mv.wk.023,wahlkreis,votes,zweitstimme,,linke,,,6295
de.mv.wk.023,wahlkreis,votes,zweitstimme,,bfb,,,50
de.mv.wk.023,wahlkreis,votes,zweitstimme,,gruene,,,591
de.mv.wk.023,wahlkreis,votes,zweitstimme,,dvu,,,708
de.mv.wk.023,wahlkreis,votes,zweitstimme,,graue,,,86
de.mv.wk.023,wahlkreis,votes,zweitstimme,,rep,,,145
de.mv.wk.023,wahlkreis,votes,zweitstimme,,fdp,,,424
de.mv.wk.023,wahlkreis,votes,zweitstimme,,pro-dm,,,442
de.mv.wk.023,wahlkreis,votes,zweitstimme,,heimat,,,357
de.mv.wk.023,wahlkreis,votes,zweitstimme,,pbc,,,28
de.mv.wk.023,wahlkreis,votes,zweitstimme,,ab-2000,,,136
de.mv.wk.024,wahlkreis,eligible,,,,,,33484
de.mv.wk.024,wahlkreis,voters,,,,,,25797
de.mv.wk.024,wahlkreis,invalid,erststimme,,,,,1265
de.mv.wk.024,wahlkreis,votes,erststimme,,cdu,,,10199
de.mv.wk.024,wahlkreis,votes,erststimme,,spd,,,7764
de.mv.wk.024,wahlkreis,votes,erststimme,,linke,,,5463
de.mv.wk.024,wahlkreis,votes,erststimme,,gruene,,,438
de.mv.wk.024,wahlkreis,votes,erststimme,,fdp,,,364
de.mv.wk.024,wahlkreis,votes,erststimme,,ab-2000,,,304
de.mv.wk.024,wahlkreis,invalid,zweitstimme,,,,,986
de.mv.wk.024,wahlkreis,votes,zweitstimme,,cdu,,,9265
de.mv.wk.024,wahlkreis,votes,zweitstimme,,spd,,,7466
de.mv.wk.024,wahlkreis,votes,zweitstimme,,linke,,,5374
de.mv.wk.024,wahlkreis,votes,zweitstimme,,bfb,,,35
de.mv.wk.024,wahlkreis,votes,zweitstimme,,gruene,,,434
de.mv.wk.024,wahlkreis,votes,zweitstimme,,dvu,,,822
de.mv.wk.024,wahlkreis,votes,zweitstimme,,graue,,,45
de.mv.wk.024,wahlkreis,votes,zweitstimme,,rep,,,160
de.mv.wk.024,wahlkreis,votes,zweitstimme,,fdp,,,271
de.mv.wk.024,wahlkreis,votes,zweitstimme,,pro-dm,,,422
de.mv.wk.024,wahlkreis,votes,zweitstimme,,heimat,,,337
de.mv.wk.024,wahlkreis,votes,zweitstimme,,pbc,,,57
de.mv.wk.024,wahlkreis,votes,zweitstimme,,ab-2000,,,123
de.mv.wk.025,wahlkreis,eligible,,,,,,45204
de.mv.wk.025,wahlkreis,voters,,,,,,35442
de.mv.wk.025,wahlkreis,invalid,erststimme,,,,,1323
de.mv.wk.025,wahlkreis,votes,erststimme,,cdu,,,11994
de.mv.wk.025,wahlkreis,votes,erststimme,,spd,,,11612
de.mv.wk.025,wahlkreis,votes,erststimme,,linke,,,7910
de.mv.wk.025,wahlkreis,votes,erststimme,,gruene,,,737
de.mv.wk.025,wahlkreis,votes,erststimme,,rep,,,828
de.mv.wk.025,wahlkreis,votes,erststimme,,fdp,,,489
de.mv.wk.025,wahlkreis,votes,erststimme,,ab-2000,,,549
de.mv.wk.025,wahlkreis,invalid,zweitstimme,,,,,1038
de.mv.wk.025,wahlkreis,votes,zweitstimme,,cdu,,,11665
de.mv.wk.025,wahlkreis,votes,zweitstimme,,spd,,,11036
de.mv.wk.025,wahlkreis,votes,zweitstimme,,linke,,,7715
de.mv.wk.025,wahlkreis,votes,zweitstimme,,bfb,,,49
de.mv.wk.025,wahlkreis,votes,zweitstimme,,gruene,,,682
de.mv.wk.025,wahlkreis,votes,zweitstimme,,dvu,,,870
de.mv.wk.025,wahlkreis,votes,zweitstimme,,graue,,,101
de.mv.wk.025,wahlkreis,votes,zweitstimme,,rep,,,262
de.mv.wk.025,wahlkreis,votes,zweitstimme,,fdp,,,454
de.mv.wk.025,wahlkreis,votes,zweitstimme,,pro-dm,,,624
de.mv.wk.025,wahlkreis,votes,zweitstimme,,heimat,,,526
de.mv.wk.025,wahlkreis,votes,zweitstimme,,pbc,,,23
de.mv.wk.025,wahlkreis,votes,zweitstimme,,ab-2000,,,397
de.mv.wk.026,wahlkreis,eligible,,,,,,29540
de.mv.wk.026,wahlkreis,voters,,,,,,22354
de.mv.wk.026,wahlkreis,invalid,erststimme,,,,,668
de.mv.wk.026,wahlkreis,votes,erststimme,,cdu,,,7232
de.mv.wk.026,wahlkreis,votes,erststimme,,spd,,,7126
de.mv.wk.026,wahlkreis,votes,erststimme,,linke,,,4957
de.mv.wk.026,wahlkreis,votes,erststimme,,gruene,,,700
de.mv.wk.026,wahlkreis,votes,erststimme,,rep,,,779
de.mv.wk.026,wahlkreis,votes,erststimme,,fdp,,,345
de.mv.wk.026,wahlkreis,votes,erststimme,,ab-2000,,,547
de.mv.wk.026,wahlkreis,invalid,zweitstimme,,,,,491
de.mv.wk.026,wahlkreis,votes,zweitstimme,,cdu,,,7030
de.mv.wk.026,wahlkreis,votes,zweitstimme,,spd,,,6697
de.mv.wk.026,wahlkreis,votes,zweitstimme,,linke,,,4769
de.mv.wk.026,wahlkreis,votes,zweitstimme,,bfb,,,31
de.mv.wk.026,wahlkreis,votes,zweitstimme,,gruene,,,769
de.mv.wk.026,wahlkreis,votes,zweitstimme,,dvu,,,644
de.mv.wk.026,wahlkreis,votes,zweitstimme,,graue,,,53
de.mv.wk.026,wahlkreis,votes,zweitstimme,,rep,,,293
de.mv.wk.026,wahlkreis,votes,zweitstimme,,fdp,,,309
de.mv.wk.026,wahlkreis,votes,zweitstimme,,pro-dm,,,400
de.mv.wk.026,wahlkreis,votes,zweitstimme,,heimat,,,419
de.mv.wk.026,wahlkreis,votes,zweitstimme,,pbc,,,50
de.mv.wk.026,wahlkreis,votes,zweitstimme,,ab-2000,,,399
de.mv.wk.027,wahlkreis,eligible,,,,,,46167
de.mv.wk.027,wahlkreis,voters,,,,,,35737
de.mv.wk.027,wahlkreis,invalid,erststimme,,,,,1223
de.mv.wk.027,wahlkreis,votes,erststimme,,cdu,,,10025
de.mv.wk.027,wahlkreis,votes,erststimme,,spd,,,14990
de.mv.wk.027,wahlkreis,votes,erststimme,,linke,,,7738
de.mv.wk.027,wahlkreis,votes,erststimme,,gruene,,,871
de.mv.wk.027,wahlkreis,votes,erststimme,,fdp,,,890
de.mv.wk.027,wahlkreis,invalid,zweitstimme,,,,,954
de.mv.wk.027,wahlkreis,votes,zweitstimme,,cdu,,,9929
de.mv.wk.027,wahlkreis,votes,zweitstimme,,spd,,,13458
de.mv.wk.027,wahlkreis,votes,zweitstimme,,linke,,,7618
de.mv.wk.027,wahlkreis,votes,zweitstimme,,bfb,,,51
de.mv.wk.027,wahlkreis,votes,zweitstimme,,gruene,,,935
de.mv.wk.027,wahlkreis,votes,zweitstimme,,dvu,,,1257
de.mv.wk.027,wahlkreis,votes,zweitstimme,,graue,,,52
de.mv.wk.027,wahlkreis,votes,zweitstimme,,rep,,,112
de.mv.wk.027,wahlkreis,votes,zweitstimme,,fdp,,,573
de.mv.wk.027,wahlkreis,votes,zweitstimme,,pro-dm,,,478
de.mv.wk.027,wahlkreis,votes,zweitstimme,,heimat,,,203
de.mv.wk.027,wahlkreis,votes,zweitstimme,,pbc,,,20
de.mv.wk.027,wahlkreis,votes,zweitstimme,,ab-2000,,,97
de.mv.wk.028,wahlkreis,eligible,,,,,,44956
de.mv.wk.028,wahlkreis,voters,,,,,,35429
de.mv.wk.028,wahlkreis,invalid,erststimme,,,,,1151
de.mv.wk.028,wahlkreis,votes,erststimme,,cdu,,,11041
de.mv.wk.028,wahlkreis,votes,erststimme,,spd,,,13684
de.mv.wk.028,wahlkreis,votes,erststimme,,linke,,,7950
de.mv.wk.028,wahlkreis,votes,erststimme,,gruene,,,988
de.mv.wk.028,wahlkreis,votes,erststimme,,fdp,,,615
de.mv.wk.028,wahlkreis,invalid,zweitstimme,,,,,944
de.mv.wk.028,wahlkreis,votes,zweitstimme,,cdu,,,10324
de.mv.wk.028,wahlkreis,votes,zweitstimme,,spd,,,13084
de.mv.wk.028,wahlkreis,votes,zweitstimme,,linke,,,7503
de.mv.wk.028,wahlkreis,votes,zweitstimme,,bfb,,,43
de.mv.wk.028,wahlkreis,votes,zweitstimme,,gruene,,,915
de.mv.wk.028,wahlkreis,votes,zweitstimme,,dvu,,,1136
de.mv.wk.028,wahlkreis,votes,zweitstimme,,graue,,,65
de.mv.wk.028,wahlkreis,votes,zweitstimme,,rep,,,88
de.mv.wk.028,wahlkreis,votes,zweitstimme,,fdp,,,511
de.mv.wk.028,wahlkreis,votes,zweitstimme,,pro-dm,,,457
de.mv.wk.028,wahlkreis,votes,zweitstimme,,heimat,,,249
de.mv.wk.028,wahlkreis,votes,zweitstimme,,pbc,,,33
de.mv.wk.028,wahlkreis,votes,zweitstimme,,ab-2000,,,77
de.mv.wk.029,wahlkreis,eligible,,,,,,43876
de.mv.wk.029,wahlkreis,voters,,,,,,34411
de.mv.wk.029,wahlkreis,invalid,erststimme,,,,,1798
de.mv.wk.029,wahlkreis,votes,erststimme,,cdu,,,12870
de.mv.wk.029,wahlkreis,votes,erststimme,,spd,,,10819
de.mv.wk.029,wahlkreis,votes,erststimme,,linke,,,7920
de.mv.wk.029,wahlkreis,votes,erststimme,,fdp,,,760
de.mv.wk.029,wahlkreis,votes,erststimme,,pbc,,,244
de.mv.wk.029,wahlkreis,invalid,zweitstimme,,,,,1236
de.mv.wk.029,wahlkreis,votes,zweitstimme,,cdu,,,12176
de.mv.wk.029,wahlkreis,votes,zweitstimme,,spd,,,9705
de.mv.wk.029,wahlkreis,votes,zweitstimme,,linke,,,7222
de.mv.wk.029,wahlkreis,votes,zweitstimme,,bfb,,,66
de.mv.wk.029,wahlkreis,votes,zweitstimme,,gruene,,,567
de.mv.wk.029,wahlkreis,votes,zweitstimme,,dvu,,,1160
de.mv.wk.029,wahlkreis,votes,zweitstimme,,graue,,,71
de.mv.wk.029,wahlkreis,votes,zweitstimme,,rep,,,227
de.mv.wk.029,wahlkreis,votes,zweitstimme,,fdp,,,503
de.mv.wk.029,wahlkreis,votes,zweitstimme,,pro-dm,,,549
de.mv.wk.029,wahlkreis,votes,zweitstimme,,heimat,,,746
de.mv.wk.029,wahlkreis,votes,zweitstimme,,pbc,,,114
de.mv.wk.029,wahlkreis,votes,zweitstimme,,ab-2000,,,69
de.mv.wk.030,wahlkreis,eligible,,,,,,46302
de.mv.wk.030,wahlkreis,voters,,,,,,37065
de.mv.wk.030,wahlkreis,invalid,erststimme,,,,,1427
de.mv.wk.030,wahlkreis,votes,erststimme,,cdu,,,14515
de.mv.wk.030,wahlkreis,votes,erststimme,,spd,,,10312
de.mv.wk.030,wahlkreis,votes,erststimme,,linke,,,8921
de.mv.wk.030,wahlkreis,votes,erststimme,,gruene,,,616
de.mv.wk.030,wahlkreis,votes,erststimme,,fdp,,,736
de.mv.wk.030,wahlkreis,votes,erststimme,,ab-2000,,,538
de.mv.wk.030,wahlkreis,invalid,zweitstimme,,,,,967
de.mv.wk.030,wahlkreis,votes,zweitstimme,,cdu,,,13807
de.mv.wk.030,wahlkreis,votes,zweitstimme,,spd,,,9834
de.mv.wk.030,wahlkreis,votes,zweitstimme,,linke,,,8028
de.mv.wk.030,wahlkreis,votes,zweitstimme,,bfb,,,48
de.mv.wk.030,wahlkreis,votes,zweitstimme,,gruene,,,590
de.mv.wk.030,wahlkreis,votes,zweitstimme,,dvu,,,1117
de.mv.wk.030,wahlkreis,votes,zweitstimme,,graue,,,101
de.mv.wk.030,wahlkreis,votes,zweitstimme,,rep,,,298
de.mv.wk.030,wahlkreis,votes,zweitstimme,,fdp,,,567
de.mv.wk.030,wahlkreis,votes,zweitstimme,,pro-dm,,,719
de.mv.wk.030,wahlkreis,votes,zweitstimme,,heimat,,,774
de.mv.wk.030,wahlkreis,votes,zweitstimme,,pbc,,,22
de.mv.wk.030,wahlkreis,votes,zweitstimme,,ab-2000,,,193
de.mv.wk.031,wahlkreis,eligible,,,,,,40900
de.mv.wk.031,wahlkreis,voters,,,,,,32575
de.mv.wk.031,wahlkreis,invalid,erststimme,,,,,1197
de.mv.wk.031,wahlkreis,votes,erststimme,,cdu,,,11168
de.mv.wk.031,wahlkreis,votes,erststimme,,spd,,,11675
de.mv.wk.031,wahlkreis,votes,erststimme,,linke,,,7229
de.mv.wk.031,wahlkreis,votes,erststimme,,gruene,,,798
de.mv.wk.031,wahlkreis,votes,erststimme,,fdp,,,508
de.mv.wk.031,wahlkreis,invalid,zweitstimme,,,,,916
de.mv.wk.031,wahlkreis,votes,zweitstimme,,cdu,,,10102
de.mv.wk.031,wahlkreis,votes,zweitstimme,,spd,,,11038
de.mv.wk.031,wahlkreis,votes,zweitstimme,,linke,,,7127
de.mv.wk.031,wahlkreis,votes,zweitstimme,,bfb,,,61
de.mv.wk.031,wahlkreis,votes,zweitstimme,,gruene,,,791
de.mv.wk.031,wahlkreis,votes,zweitstimme,,dvu,,,987
de.mv.wk.031,wahlkreis,votes,zweitstimme,,graue,,,65
de.mv.wk.031,wahlkreis,votes,zweitstimme,,rep,,,110
de.mv.wk.031,wahlkreis,votes,zweitstimme,,fdp,,,520
de.mv.wk.031,wahlkreis,votes,zweitstimme,,pro-dm,,,519
de.mv.wk.031,wahlkreis,votes,zweitstimme,,heimat,,,263
de.mv.wk.031,wahlkreis,votes,zweitstimme,,pbc,,,21
de.mv.wk.031,wahlkreis,votes,zweitstimme,,ab-2000,,,55
de.mv.wk.032,wahlkreis,eligible,,,,,,43309
de.mv.wk.032,wahlkreis,voters,,,,,,34961
de.mv.wk.032,wahlkreis,invalid,erststimme,,,,,1106
de.mv.wk.032,wahlkreis,votes,erststimme,,cdu,,,10782
de.mv.wk.032,wahlkreis,votes,erststimme,,spd,,,13549
de.mv.wk.032,wahlkreis,votes,erststimme,,linke,,,7537
de.mv.wk.032,wahlkreis,votes,erststimme,,gruene,,,783
de.mv.wk.032,wahlkreis,votes,erststimme,,rep,,,524
de.mv.wk.032,wahlkreis,votes,erststimme,,fdp,,,680
de.mv.wk.032,wahlkreis,invalid,zweitstimme,,,,,986
de.mv.wk.032,wahlkreis,votes,zweitstimme,,cdu,,,9998
de.mv.wk.032,wahlkreis,votes,zweitstimme,,spd,,,11609
de.mv.wk.032,wahlkreis,votes,zweitstimme,,linke,,,8568
de.mv.wk.032,wahlkreis,votes,zweitstimme,,bfb,,,48
de.mv.wk.032,wahlkreis,votes,zweitstimme,,gruene,,,999
de.mv.wk.032,wahlkreis,votes,zweitstimme,,dvu,,,997
de.mv.wk.032,wahlkreis,votes,zweitstimme,,graue,,,60
de.mv.wk.032,wahlkreis,votes,zweitstimme,,rep,,,194
de.mv.wk.032,wahlkreis,votes,zweitstimme,,fdp,,,777
de.mv.wk.032,wahlkreis,votes,zweitstimme,,pro-dm,,,447
de.mv.wk.032,wahlkreis,votes,zweitstimme,,heimat,,,133
de.mv.wk.032,wahlkreis,votes,zweitstimme,,pbc,,,37
de.mv.wk.032,wahlkreis,votes,zweitstimme,,ab-2000,,,108
de.mv.wk.033,wahlkreis,eligible,,,,,,28463
de.mv.wk.033,wahlkreis,voters,,,,,,21827
de.mv.wk.033,wahlkreis,invalid,erststimme,,,,,1218
de.mv.wk.033,wahlkreis,votes,erststimme,,cdu,,,7159
de.mv.wk.033,wahlkreis,votes,erststimme,,spd,,,6361
de.mv.wk.033,wahlkreis,votes,erststimme,,linke,,,4542
de.mv.wk.033,wahlkreis,votes,erststimme,,fdp,,,567
de.mv.wk.033,wahlkreis,votes,erststimme,,ab-2000,,,230
de.mv.wk.033,wahlkreis,votes,erststimme,,,de.mv.wk.033.einzelbewerber,,1750
de.mv.wk.033,wahlkreis,invalid,zweitstimme,,,,,864
de.mv.wk.033,wahlkreis,votes,zweitstimme,,cdu,,,7258
de.mv.wk.033,wahlkreis,votes,zweitstimme,,spd,,,6221
de.mv.wk.033,wahlkreis,votes,zweitstimme,,linke,,,4672
de.mv.wk.033,wahlkreis,votes,zweitstimme,,bfb,,,65
de.mv.wk.033,wahlkreis,votes,zweitstimme,,gruene,,,497
de.mv.wk.033,wahlkreis,votes,zweitstimme,,dvu,,,860
de.mv.wk.033,wahlkreis,votes,zweitstimme,,graue,,,39
de.mv.wk.033,wahlkreis,votes,zweitstimme,,rep,,,120
de.mv.wk.033,wahlkreis,votes,zweitstimme,,fdp,,,423
de.mv.wk.033,wahlkreis,votes,zweitstimme,,pro-dm,,,413
de.mv.wk.033,wahlkreis,votes,zweitstimme,,heimat,,,209
de.mv.wk.033,wahlkreis,votes,zweitstimme,,pbc,,,15
de.mv.wk.033,wahlkreis,votes,zweitstimme,,ab-2000,,,171
de.mv.wk.034,wahlkreis,eligible,,,,,,31462
de.mv.wk.034,wahlkreis,voters,,,,,,24030
de.mv.wk.034,wahlkreis,invalid,erststimme,,,,,1192
de.mv.wk.034,wahlkreis,votes,erststimme,,cdu,,,8708
de.mv.wk.034,wahlkreis,votes,erststimme,,spd,,,5558
de.mv.wk.034,wahlkreis,votes,erststimme,,linke,,,7260
de.mv.wk.034,wahlkreis,votes,erststimme,,fdp,,,604
de.mv.wk.034,wahlkreis,votes,erststimme,,ab-2000,,,356
de.mv.wk.034,wahlkreis,votes,erststimme,,,de.mv.wk.034.einzelbewerber,,352
de.mv.wk.034,wahlkreis,invalid,zweitstimme,,,,,755
de.mv.wk.034,wahlkreis,votes,zweitstimme,,cdu,,,7768
de.mv.wk.034,wahlkreis,votes,zweitstimme,,spd,,,6433
de.mv.wk.034,wahlkreis,votes,zweitstimme,,linke,,,5935
de.mv.wk.034,wahlkreis,votes,zweitstimme,,bfb,,,75
de.mv.wk.034,wahlkreis,votes,zweitstimme,,gruene,,,450
de.mv.wk.034,wahlkreis,votes,zweitstimme,,dvu,,,959
de.mv.wk.034,wahlkreis,votes,zweitstimme,,graue,,,62
de.mv.wk.034,wahlkreis,votes,zweitstimme,,rep,,,108
de.mv.wk.034,wahlkreis,votes,zweitstimme,,fdp,,,522
de.mv.wk.034,wahlkreis,votes,zweitstimme,,pro-dm,,,477
de.mv.wk.034,wahlkreis,votes,zweitstimme,,heimat,,,317
de.mv.wk.034,wahlkreis,votes,zweitstimme,,pbc,,,16
de.mv.wk.034,wahlkreis,votes,zweitstimme,,ab-2000,,,153
de.mv.wk.035,wahlkreis,eligible,,,,,,35010
de.mv.wk.035,wahlkreis,voters,,,,,,27504
de.mv.wk.035,wahlkreis,invalid,erststimme,,,,,1517
de.mv.wk.035,wahlkreis,votes,erststimme,,cdu,,,10690
de.mv.wk.035,wahlkreis,votes,erststimme,,spd,,,7681
de.mv.wk.035,wahlkreis,votes,erststimme,,linke,,,6280
de.mv.wk.035,wahlkreis,votes,erststimme,,gruene,,,644
de.mv.wk.035,wahlkreis,votes,erststimme,,fdp,,,692
de.mv.wk.035,wahlkreis,invalid,zweitstimme,,,,,1111
de.mv.wk.035,wahlkreis,votes,zweitstimme,,cdu,,,9785
de.mv.wk.035,wahlkreis,votes,zweitstimme,,spd,,,7348
de.mv.wk.035,wahlkreis,votes,zweitstimme,,linke,,,5930
de.mv.wk.035,wahlkreis,votes,zweitstimme,,bfb,,,49
de.mv.wk.035,wahlkreis,votes,zweitstimme,,gruene,,,436
de.mv.wk.035,wahlkreis,votes,zweitstimme,,dvu,,,775
de.mv.wk.035,wahlkreis,votes,zweitstimme,,graue,,,58
de.mv.wk.035,wahlkreis,votes,zweitstimme,,rep,,,380
de.mv.wk.035,wahlkreis,votes,zweitstimme,,fdp,,,416
de.mv.wk.035,wahlkreis,votes,zweitstimme,,pro-dm,,,494
de.mv.wk.035,wahlkreis,votes,zweitstimme,,heimat,,,639
de.mv.wk.035,wahlkreis,votes,zweitstimme,,pbc,,,30
de.mv.wk.035,wahlkreis,votes,zweitstimme,,ab-2000,,,53
de.mv.wk.036,wahlkreis,eligible,,,,,,33221
de.mv.wk.036,wahlkreis,voters,,,,,,26204
de.mv.wk.036,wahlkreis,invalid,erststimme,,,,,1291
de.mv.wk.036,wahlkreis,votes,erststimme,,cdu,,,9123
de.mv.wk.036,wahlkreis,votes,erststimme,,spd,,,8574
de.mv.wk.036,wahlkreis,votes,erststimme,,linke,,,5992
de.mv.wk.036,wahlkreis,votes,erststimme,,gruene,,,531
de.mv.wk.036,wahlkreis,votes,erststimme,,fdp,,,693
de.mv.wk.036,wahlkreis,invalid,zweitstimme,,,,,918
de.mv.wk.036,wahlkreis,votes,zweitstimme,,cdu,,,8559
de.mv.wk.036,wahlkreis,votes,zweitstimme,,spd,,,8114
de.mv.wk.036,wahlkreis,votes,zweitstimme,,linke,,,5630
de.mv.wk.036,wahlkreis,votes,zweitstimme,,bfb,,,46
de.mv.wk.036,wahlkreis,votes,zweitstimme,,gruene,,,471
de.mv.wk.036,wahlkreis,votes,zweitstimme,,dvu,,,799
de.mv.wk.036,wahlkreis,votes,zweitstimme,,graue,,,72
de.mv.wk.036,wahlkreis,votes,zweitstimme,,rep,,,249
de.mv.wk.036,wahlkreis,votes,zweitstimme,,fdp,,,356
de.mv.wk.036,wahlkreis,votes,zweitstimme,,pro-dm,,,495
de.mv.wk.036,wahlkreis,votes,zweitstimme,,heimat,,,422
de.mv.wk.036,wahlkreis,votes,zweitstimme,,pbc,,,40
de.mv.wk.036,wahlkreis,votes,zweitstimme,,ab-2000,,,33
