unit,level,parent
de.mv,land,
de.mv.krs.13001,kreis,de.mv
de.mv.krs.13002,kreis,de.mv
de.mv.krs.13003,kreis,de.mv
de.mv.krs.13004,kreis,de.mv
de.mv.krs.13005,kreis,de.mv
de.mv.krs.13006,kreis,de.mv
de.mv.krs.13051,kreis,de.mv
de.mv.krs.13052,kreis,de.mv
de.mv.krs.13053,kreis,de.mv
de.mv.krs.13054,kreis,de.mv
de.mv.krs.13055,kreis,de.mv
de.mv.krs.13056,kreis,de.mv
de.mv.krs.13057,kreis,de.mv
de.mv.krs.13058,kreis,de.mv
de.mv.krs.13059,kreis,de.mv
de.mv.krs.13060,kreis,de.mv
de.mv.krs.13061,kreis,de.mv
de.mv.krs.13062,kreis,de.mv
de.mv.gem.13001000,gemeinde,de.mv.krs.13001
de.mv.gem.13002000,gemeinde,de.mv.krs.13002
de.mv.gem.13003000,gemeinde,de.mv.krs.13003
de.mv.gem.13004000,gemeinde,de.mv.krs.13004
de.mv.gem.13005000,gemeinde,de.mv.krs.13005
de.mv.gem.13006000,gemeinde,de.mv.krs.13006
de.mv.gem.13051001,gemeinde,de.mv.krs.13051
de.mv.gem.13051002,gemeinde,de.mv.krs.13051
de.mv.gem.13051003,gemeinde,de.mv.krs.13051
de.mv.gem.13051004,gemeinde,de.mv.krs.13051
de.mv.gem.13051005,gemeinde,de.mv.krs.13051
de.mv.gem.13051006,gemeinde,de.mv.krs.13051
de.mv.gem.13051007,gemeinde,de.mv.krs.13051
de.mv.gem.13051008,gemeinde,de.mv.krs.13051
de.mv.gem.13051009,gemeinde,de.mv.krs.13051
de.mv.gem.13051010,gemeinde,de.mv.krs.13051
de.mv.gem.13051011,gemeinde,de.mv.krs.13051
de.mv.gem.13051012,gemeinde,de.mv.krs.13051
de.mv.gem.13051013,gemeinde,de.mv.krs.13051
de.mv.gem.13051014,gemeinde,de.mv.krs.13051
de.mv.gem.13051015,gemeinde,de.mv.krs.13051
de.mv.gem.13051016,gemeinde,de.mv.krs.13051
de.mv.gem.13051017,gemeinde,de.mv.krs.13051
de.mv.gem.13051018,gemeinde,de.mv.krs.13051
de.mv.gem.13051019,gemeinde,de.mv.krs.13051
de.mv.gem.13051020,gemeinde,de.mv.krs.13051
de.mv.gem.13051021,gemeinde,de.mv.krs.13051
de.mv.gem.13051022,gemeinde,de.mv.krs.13051
de.mv.gem.13051023,gemeinde,de.mv.krs.13051
de.mv.gem.13051024,gemeinde,de.mv.krs.13051
de.mv.gem.13051025,gemeinde,de.mv.krs.13051
de.mv.gem.13051026,gemeinde,de.mv.krs.13051
de.mv.gem.13051027,gemeinde,de.mv.krs.13051
de.mv.gem.13051028,gemeinde,de.mv.krs.13051
de.mv.gem.13051029,gemeinde,de.mv.krs.13051
de.mv.gem.13051030,gemeinde,de.mv.krs.13051
de.mv.gem.13051031,gemeinde,de.mv.krs.13051
de.mv.gem.13051032,gemeinde,de.mv.krs.13051
de.mv.gem.13051033,gemeinde,de.mv.krs.13051
de.mv.gem.13051034,gemeinde,de.mv.krs.13051
de.mv.gem.13051035,gemeinde,de.mv.krs.13051
de.mv.gem.13051036,gemeinde,de.mv.krs.13051
de.mv.gem.13051037,gemeinde,de.mv.krs.13051
de.mv.gem.13051038,gemeinde,de.mv.krs.13051
de.mv.gem.13051039,gemeinde,de.mv.krs.13051
de.mv.gem.13051040,gemeinde,de.mv.krs.13051
de.mv.gem.13051041,gemeinde,de.mv.krs.13051
de.mv.gem.13051042,gemeinde,de.mv.krs.13051
de.mv.gem.13051043,gemeinde,de.mv.krs.13051
de.mv.gem.13051044,gemeinde,de.mv.krs.13051
de.mv.gem.13051045,gemeinde,de.mv.krs.13051
de.mv.gem.13051046,gemeinde,de.mv.krs.13051
de.mv.gem.13051047,gemeinde,de.mv.krs.13051
de.mv.gem.13051048,gemeinde,de.mv.krs.13051
de.mv.gem.13051049,gemeinde,de.mv.krs.13051
de.mv.gem.13051050,gemeinde,de.mv.krs.13051
de.mv.gem.13051051,gemeinde,de.mv.krs.13051
de.mv.gem.13051052,gemeinde,de.mv.krs.13051
de.mv.gem.13051053,gemeinde,de.mv.krs.13051
de.mv.gem.13051054,gemeinde,de.mv.krs.13051
de.mv.gem.13051055,gemeinde,de.mv.krs.13051
de.mv.gem.13051056,gemeinde,de.mv.krs.13051
de.mv.gem.13051057,gemeinde,de.mv.krs.13051
de.mv.gem.13051058,gemeinde,de.mv.krs.13051
de.mv.gem.13051059,gemeinde,de.mv.krs.13051
de.mv.gem.13051060,gemeinde,de.mv.krs.13051
de.mv.gem.13051061,gemeinde,de.mv.krs.13051
de.mv.gem.13051062,gemeinde,de.mv.krs.13051
de.mv.gem.13051063,gemeinde,de.mv.krs.13051
de.mv.gem.13051064,gemeinde,de.mv.krs.13051
de.mv.gem.13051065,gemeinde,de.mv.krs.13051
de.mv.gem.13051066,gemeinde,de.mv.krs.13051
de.mv.gem.13051067,gemeinde,de.mv.krs.13051
de.mv.gem.13051068,gemeinde,de.mv.krs.13051
de.mv.gem.13051069,gemeinde,de.mv.krs.13051
de.mv.gem.13051070,gemeinde,de.mv.krs.13051
de.mv.gem.13051071,gemeinde,de.mv.krs.13051
de.mv.gem.13051072,gemeinde,de.mv.krs.13051
de.mv.gem.13051073,gemeinde,de.mv.krs.13051
de.mv.gem.13051074,gemeinde,de.mv.krs.13051
de.mv.gem.13051075,gemeinde,de.mv.krs.13051
de.mv.gem.13051076,gemeinde,de.mv.krs.13051
de.mv.gem.13051077,gemeinde,de.mv.krs.13051
de.mv.gem.13051078,gemeinde,de.mv.krs.13051
de.mv.gem.13051079,gemeinde,de.mv.krs.13051
de.mv.gem.13051080,gemeinde,de.mv.krs.13051
de.mv.gem.13051081,gemeinde,de.mv.krs.13051
de.mv.gem.13051082,gemeinde,de.mv.krs.13051
de.mv.gem.13051083,gemeinde,de.mv.krs.13051
de.mv.gem.13051084,gemeinde,de.mv.krs.13051
de.mv.gem.13051085,gemeinde,de.mv.krs.13051
de.mv.gem.13052001,gemeinde,de.mv.krs.13052
de.mv.gem.13052002,gemeinde,de.mv.krs.13052
de.mv.gem.13052003,gemeinde,de.mv.krs.13052
de.mv.gem.13052004,gemeinde,de.mv.krs.13052
de.mv.gem.13052005,gemeinde,de.mv.krs.13052
de.mv.gem.13052006,gemeinde,de.mv.krs.13052
de.mv.gem.13052007,gemeinde,de.mv.krs.13052
de.mv.gem.13052008,gemeinde,de.mv.krs.13052
de.mv.gem.13052009,gemeinde,de.mv.krs.13052
de.mv.gem.13052010,gemeinde,de.mv.krs.13052
de.mv.gem.13052011,gemeinde,de.mv.krs.13052
de.mv.gem.13052012,gemeinde,de.mv.krs.13052
de.mv.gem.13052013,gemeinde,de.mv.krs.13052
de.mv.gem.13052014,gemeinde,de.mv.krs.13052
de.mv.gem.13052015,gemeinde,de.mv.krs.13052
de.mv.gem.13052016,gemeinde,de.mv.krs.13052
de.mv.gem.13052017,gemeinde,de.mv.krs.13052
de.mv.gem.13052018,gemeinde,de.mv.krs.13052
de.mv.gem.13052019,gemeinde,de.mv.krs.13052
de.mv.gem.13052020,gemeinde,de.mv.krs.13052
de.mv.gem.13052021,gemeinde,de.mv.krs.13052
de.mv.gem.13052022,gemeinde,de.mv.krs.13052
de.mv.gem.13052023,gemeinde,de.mv.krs.13052
de.mv.gem.13052024,gemeinde,de.mv.krs.13052
de.mv.gem.13052025,gemeinde,de.mv.krs.13052
de.mv.gem.13052026,gemeinde,de.mv.krs.13052
de.mv.gem.13052027,gemeinde,de.mv.krs.13052
de.mv.gem.13052028,gemeinde,de.mv.krs.13052
de.mv.gem.13052029,gemeinde,de.mv.krs.13052
de.mv.gem.13052030,gemeinde,de.mv.krs.13052
de.mv.gem.13052031,gemeinde,de.mv.krs.13052
de.mv.gem.13052032,gemeinde,de.mv.krs.13052
de.mv.gem.13052033,gemeinde,de.mv.krs.13052
de.mv.gem.13052034,gemeinde,de.mv.krs.13052
de.mv.gem.13052035,gemeinde,de.mv.krs.13052
de.mv.gem.13052036,gemeinde,de.mv.krs.13052
de.mv.gem.13052037,gemeinde,de.mv.krs.13052
de.mv.gem.13052038,gemeinde,de.mv.krs.13052
de.mv.gem.13052039,gemeinde,de.mv.krs.13052
de.mv.gem.13052040,gemeinde,de.mv.krs.13052
de.mv.gem.13052041,gemeinde,de.mv.krs.13052
de.mv.gem.13052042,gemeinde,de.mv.krs.13052
de.mv.gem.13052043,gemeinde,de.mv.krs.13052
de.mv.gem.13052044,gemeinde,de.mv.krs.13052
de.mv.gem.13052045,gemeinde,de.mv.krs.13052
de.mv.gem.13052046,gemeinde,de.mv.krs.13052
de.mv.gem.13052047,gemeinde,de.mv.krs.13052
de.mv.gem.13052048,gemeinde,de.mv.krs.13052
de.mv.gem.13052049,gemeinde,de.mv.krs.13052
de.mv.gem.13052050,gemeinde,de.mv.krs.13052
de.mv.gem.13052051,gemeinde,de.mv.krs.13052
de.mv.gem.13052052,gemeinde,de.mv.krs.13052
de.mv.gem.13052053,gemeinde,de.mv.krs.13052
de.mv.gem.13052054,gemeinde,de.mv.krs.13052
de.mv.gem.13052055,gemeinde,de.mv.krs.13052
de.mv.gem.13052056,gemeinde,de.mv.krs.13052
de.mv.gem.13052057,gemeinde,de.mv.krs.13052
de.mv.gem.13052058,gemeinde,de.mv.krs.13052
de.mv.gem.13052059,gemeinde,de.mv.krs.13052
de.mv.gem.13052060,gemeinde,de.mv.krs.13052
de.mv.gem.13052061,gemeinde,de.mv.krs.13052
de.mv.gem.13052062,gemeinde,de.mv.krs.13052
de.mv.gem.13052063,gemeinde,de.mv.krs.13052
de.mv.gem.13052064,gemeinde,de.mv.krs.13052
de.mv.gem.13052065,gemeinde,de.mv.krs.13052
de.mv.gem.13052066,gemeinde,de.mv.krs.13052
de.mv.gem.13052067,gemeinde,de.mv.krs.13052
de.mv.gem.13052068,gemeinde,de.mv.krs.13052
de.mv.gem.13052069,gemeinde,de.mv.krs.13052
de.mv.gem.13052070,gemeinde,de.mv.krs.13052
de.mv.gem.13052071,gemeinde,de.mv.krs.13052
de.mv.gem.13052072,gemeinde,de.mv.krs.13052
de.mv.gem.13052073,gemeinde,de.mv.krs.13052
de.mv.gem.13052074,gemeinde,de.mv.krs.13052
de.mv.gem.13052075,gemeinde,de.mv.krs.13052
de.mv.gem.13052076,gemeinde,de.mv.krs.13052
de.mv.gem.13052077,gemeinde,de.mv.krs.13052
de.mv.gem.13052078,gemeinde,de.mv.krs.13052
de.mv.gem.13052079,gemeinde,de.mv.krs.13052
de.mv.gem.13052080,gemeinde,de.mv.krs.13052
de.mv.gem.13052081,gemeinde,de.mv.krs.13052
de.mv.gem.13052082,gemeinde,de.mv.krs.13052
de.mv.gem.13052083,gemeinde,de.mv.krs.13052
de.mv.gem.13052084,gemeinde,de.mv.krs.13052
de.mv.gem.13052085,gemeinde,de.mv.krs.13052
de.mv.gem.13052086,gemeinde,de.mv.krs.13052
de.mv.gem.13052087,gemeinde,de.mv.krs.13052
de.mv.gem.13052088,gemeinde,de.mv.krs.13052
de.mv.gem.13052089,gemeinde,de.mv.krs.13052
de.mv.gem.13052090,gemeinde,de.mv.krs.13052
de.mv.gem.13052091,gemeinde,de.mv.krs.13052
de.mv.gem.13052092,gemeinde,de.mv.krs.13052
de.mv.gem.13053001,gemeinde,de.mv.krs.13053
de.mv.gem.13053002,gemeinde,de.mv.krs.13053
de.mv.gem.13053003,gemeinde,de.mv.krs.13053
de.mv.gem.13053004,gemeinde,de.mv.krs.13053
de.mv.gem.13053005,gemeinde,de.mv.krs.13053
de.mv.gem.13053006,gemeinde,de.mv.krs.13053
de.mv.gem.13053007,gemeinde,de.mv.krs.13053
de.mv.gem.13053008,gemeinde,de.mv.krs.13053
de.mv.gem.13053009,gemeinde,de.mv.krs.13053
de.mv.gem.13053010,gemeinde,de.mv.krs.13053
de.mv.gem.13053011,gemeinde,de.mv.krs.13053
de.mv.gem.13053012,gemeinde,de.mv.krs.13053
de.mv.gem.13053013,gemeinde,de.mv.krs.13053
de.mv.gem.13053014,gemeinde,de.mv.krs.13053
de.mv.gem.13053015,gemeinde,de.mv.krs.13053
de.mv.gem.13053016,gemeinde,de.mv.krs.13053
de.mv.gem.13053017,gemeinde,de.mv.krs.13053
de.mv.gem.13053018,gemeinde,de.mv.krs.13053
de.mv.gem.13053019,gemeinde,de.mv.krs.13053
de.mv.gem.13053020,gemeinde,de.mv.krs.13053
de.mv.gem.13053021,gemeinde,de.mv.krs.13053
de.mv.gem.13053022,gemeinde,de.mv.krs.13053
de.mv.gem.13053023,gemeinde,de.mv.krs.13053
de.mv.gem.13053024,gemeinde,de.mv.krs.13053
de.mv.gem.13053025,gemeinde,de.mv.krs.13053
de.mv.gem.13053026,gemeinde,de.mv.krs.13053
de.mv.gem.13053027,gemeinde,de.mv.krs.13053
de.mv.gem.13053028,gemeinde,de.mv.krs.13053
de.mv.gem.13053029,gemeinde,de.mv.krs.13053
de.mv.gem.13053030,gemeinde,de.mv.krs.13053
de.mv.gem.13053031,gemeinde,de.mv.krs.13053
de.mv.gem.13053032,gemeinde,de.mv.krs.13053
de.mv.gem.13053033,gemeinde,de.mv.krs.13053
de.mv.gem.13053034,gemeinde,de.mv.krs.13053
de.mv.gem.13053035,gemeinde,de.mv.krs.13053
de.mv.gem.13053036,gemeinde,de.mv.krs.13053
de.mv.gem.13053037,gemeinde,de.mv.krs.13053
de.mv.gem.13053038,gemeinde,de.mv.krs.13053
de.mv.gem.13053039,gemeinde,de.mv.krs.13053
de.mv.gem.13053040,gemeinde,de.mv.krs.13053
de.mv.gem.13053041,gemeinde,de.mv.krs.13053
de.mv.gem.13053042,gemeinde,de.mv.krs.13053
de.mv.gem.13053043,gemeinde,de.mv.krs.13053
de.mv.gem.13053044,gemeinde,de.mv.krs.13053
de.mv.gem.13053045,gemeinde,de.mv.krs.13053
de.mv.gem.13053046,gemeinde,de.mv.krs.13053
de.mv.gem.13053047,gemeinde,de.mv.krs.13053
de.mv.gem.13053048,gemeinde,de.mv.krs.13053
de.mv.gem.13053049,gemeinde,de.mv.krs.13053
de.mv.gem.13053050,gemeinde,de.mv.krs.13053
de.mv.gem.13053051,gemeinde,de.mv.krs.13053
de.mv.gem.13053052,gemeinde,de.mv.krs.13053
de.mv.gem.13053053,gemeinde,de.mv.krs.13053
de.mv.gem.13053054,gemeinde,de.mv.krs.13053
de.mv.gem.13053055,gemeinde,de.mv.krs.13053
de.mv.gem.13053056,gemeinde,de.mv.krs.13053
de.mv.gem.13053057,gemeinde,de.mv.krs.13053
de.mv.gem.13053058,gemeinde,de.mv.krs.13053
de.mv.gem.13053059,gemeinde,de.mv.krs.13053
de.mv.gem.13053060,gemeinde,de.mv.krs.13053
de.mv.gem.13053061,gemeinde,de.mv.krs.13053
de.mv.gem.13053062,gemeinde,de.mv.krs.13053
de.mv.gem.13053063,gemeinde,de.mv.krs.13053
de.mv.gem.13053064,gemeinde,de.mv.krs.13053
de.mv.gem.13053065,gemeinde,de.mv.krs.13053
de.mv.gem.13053066,gemeinde,de.mv.krs.13053
de.mv.gem.13053067,gemeinde,de.mv.krs.13053
de.mv.gem.13053068,gemeinde,de.mv.krs.13053
de.mv.gem.13053069,gemeinde,de.mv.krs.13053
de.mv.gem.13053070,gemeinde,de.mv.krs.13053
de.mv.gem.13053071,gemeinde,de.mv.krs.13053
de.mv.gem.13053072,gemeinde,de.mv.krs.13053
de.mv.gem.13053073,gemeinde,de.mv.krs.13053
de.mv.gem.13053074,gemeinde,de.mv.krs.13053
de.mv.gem.13053075,gemeinde,de.mv.krs.13053
de.mv.gem.13053076,gemeinde,de.mv.krs.13053
de.mv.gem.13053077,gemeinde,de.mv.krs.13053
de.mv.gem.13053078,gemeinde,de.mv.krs.13053
de.mv.gem.13053079,gemeinde,de.mv.krs.13053
de.mv.gem.13053080,gemeinde,de.mv.krs.13053
de.mv.gem.13053081,gemeinde,de.mv.krs.13053
de.mv.gem.13053082,gemeinde,de.mv.krs.13053
de.mv.gem.13053083,gemeinde,de.mv.krs.13053
de.mv.gem.13053084,gemeinde,de.mv.krs.13053
de.mv.gem.13053085,gemeinde,de.mv.krs.13053
de.mv.gem.13053086,gemeinde,de.mv.krs.13053
de.mv.gem.13053087,gemeinde,de.mv.krs.13053
de.mv.gem.13053088,gemeinde,de.mv.krs.13053
de.mv.gem.13053089,gemeinde,de.mv.krs.13053
de.mv.gem.13053090,gemeinde,de.mv.krs.13053
de.mv.gem.13053091,gemeinde,de.mv.krs.13053
de.mv.gem.13053092,gemeinde,de.mv.krs.13053
de.mv.gem.13053093,gemeinde,de.mv.krs.13053
de.mv.gem.13053094,gemeinde,de.mv.krs.13053
de.mv.gem.13053095,gemeinde,de.mv.krs.13053
de.mv.gem.13053096,gemeinde,de.mv.krs.13053
de.mv.gem.13053097,gemeinde,de.mv.krs.13053
de.mv.gem.13053098,gemeinde,de.mv.krs.13053
de.mv.gem.13053099,gemeinde,de.mv.krs.13053
de.mv.gem.13053100,gemeinde,de.mv.krs.13053
de.mv.gem.13054001,gemeinde,de.mv.krs.13054
de.mv.gem.13054002,gemeinde,de.mv.krs.13054
de.mv.gem.13054003,gemeinde,de.mv.krs.13054
de.mv.gem.13054004,gemeinde,de.mv.krs.13054
de.mv.gem.13054005,gemeinde,de.mv.krs.13054
de.mv.gem.13054006,gemeinde,de.mv.krs.13054
de.mv.gem.13054007,gemeinde,de.mv.krs.13054
de.mv.gem.13054008,gemeinde,de.mv.krs.13054
de.mv.gem.13054009,gemeinde,de.mv.krs.13054
de.mv.gem.13054010,gemeinde,de.mv.krs.13054
de.mv.gem.13054011,gemeinde,de.mv.krs.13054
de.mv.gem.13054012,gemeinde,de.mv.krs.13054
de.mv.gem.13054013,gemeinde,de.mv.krs.13054
de.mv.gem.13054014,gemeinde,de.mv.krs.13054
de.mv.gem.13054015,gemeinde,de.mv.krs.13054
de.mv.gem.13054016,gemeinde,de.mv.krs.13054
de.mv.gem.13054017,gemeinde,de.mv.krs.13054
de.mv.gem.13054018,gemeinde,de.mv.krs.13054
de.mv.gem.13054019,gemeinde,de.mv.krs.13054
de.mv.gem.13054020,gemeinde,de.mv.krs.13054
de.mv.gem.13054021,gemeinde,de.mv.krs.13054
de.mv.gem.13054022,gemeinde,de.mv.krs.13054
de.mv.gem.13054023,gemeinde,de.mv.krs.13054
de.mv.gem.13054024,gemeinde,de.mv.krs.13054
de.mv.gem.13054025,gemeinde,de.mv.krs.13054
de.mv.gem.13054026,gemeinde,de.mv.krs.13054
de.mv.gem.13054027,gemeinde,de.mv.krs.13054
de.mv.gem.13054028,gemeinde,de.mv.krs.13054
de.mv.gem.13054029,gemeinde,de.mv.krs.13054
de.mv.gem.13054030,gemeinde,de.mv.krs.13054
de.mv.gem.13054031,gemeinde,de.mv.krs.13054
de.mv.gem.13054032,gemeinde,de.mv.krs.13054
de.mv.gem.13054033,gemeinde,de.mv.krs.13054
de.mv.gem.13054034,gemeinde,de.mv.krs.13054
de.mv.gem.13054035,gemeinde,de.mv.krs.13054
de.mv.gem.13054036,gemeinde,de.mv.krs.13054
de.mv.gem.13054037,gemeinde,de.mv.krs.13054
de.mv.gem.13054038,gemeinde,de.mv.krs.13054
de.mv.gem.13054039,gemeinde,de.mv.krs.13054
de.mv.gem.13054040,gemeinde,de.mv.krs.13054
de.mv.gem.13054041,gemeinde,de.mv.krs.13054
de.mv.gem.13054042,gemeinde,de.mv.krs.13054
de.mv.gem.13054043,gemeinde,de.mv.krs.13054
de.mv.gem.13054044,gemeinde,de.mv.krs.13054
de.mv.gem.13054045,gemeinde,de.mv.krs.13054
de.mv.gem.13054046,gemeinde,de.mv.krs.13054
de.mv.gem.13054047,gemeinde,de.mv.krs.13054
de.mv.gem.13054048,gemeinde,de.mv.krs.13054
de.mv.gem.13054049,gemeinde,de.mv.krs.13054
de.mv.gem.13054050,gemeinde,de.mv.krs.13054
de.mv.gem.13054051,gemeinde,de.mv.krs.13054
de.mv.gem.13054052,gemeinde,de.mv.krs.13054
de.mv.gem.13054053,gemeinde,de.mv.krs.13054
de.mv.gem.13054054,gemeinde,de.mv.krs.13054
de.mv.gem.13054055,gemeinde,de.mv.krs.13054
de.mv.gem.13054056,gemeinde,de.mv.krs.13054
de.mv.gem.13054057,gemeinde,de.mv.krs.13054
de.mv.gem.13054058,gemeinde,de.mv.krs.13054
de.mv.gem.13054059,gemeinde,de.mv.krs.13054
de.mv.gem.13054060,gemeinde,de.mv.krs.13054
de.mv.gem.13054061,gemeinde,de.mv.krs.13054
de.mv.gem.13054062,gemeinde,de.mv.krs.13054
de.mv.gem.13054063,gemeinde,de.mv.krs.13054
de.mv.gem.13054064,gemeinde,de.mv.krs.13054
de.mv.gem.13054065,gemeinde,de.mv.krs.13054
de.mv.gem.13054066,gemeinde,de.mv.krs.13054
de.mv.gem.13054067,gemeinde,de.mv.krs.13054
de.mv.gem.13054068,gemeinde,de.mv.krs.13054
de.mv.gem.13054069,gemeinde,de.mv.krs.13054
de.mv.gem.13054070,gemeinde,de.mv.krs.13054
de.mv.gem.13054071,gemeinde,de.mv.krs.13054
de.mv.gem.13054072,gemeinde,de.mv.krs.13054
de.mv.gem.13054073,gemeinde,de.mv.krs.13054
de.mv.gem.13054074,gemeinde,de.mv.krs.13054
de.mv.gem.13054075,gemeinde,de.mv.krs.13054
de.mv.gem.13054076,gemeinde,de.mv.krs.13054
de.mv.gem.13054077,gemeinde,de.mv.krs.13054
de.mv.gem.13054078,gemeinde,de.mv.krs.13054
de.mv.gem.13054079,gemeinde,de.mv.krs.13054
de.mv.gem.13054080,gemeinde,de.mv.krs.13054
de.mv.gem.13054081,gemeinde,de.mv.krs.13054
de.mv.gem.13054082,gemeinde,de.mv.krs.13054
de.mv.gem.13054083,gemeinde,de.mv.krs.13054
de.mv.gem.13054084,gemeinde,de.mv.krs.13054
de.mv.gem.13054085,gemeinde,de.mv.krs.13054
de.mv.gem.13054086,gemeinde,de.mv.krs.13054
de.mv.gem.13054087,gemeinde,de.mv.krs.13054
de.mv.gem.13054088,gemeinde,de.mv.krs.13054
de.mv.gem.13054089,gemeinde,de.mv.krs.13054
de.mv.gem.13054090,gemeinde,de.mv.krs.13054
de.mv.gem.13054091,gemeinde,de.mv.krs.13054
de.mv.gem.13054092,gemeinde,de.mv.krs.13054
de.mv.gem.13054093,gemeinde,de.mv.krs.13054
de.mv.gem.13054094,gemeinde,de.mv.krs.13054
de.mv.gem.13054095,gemeinde,de.mv.krs.13054
de.mv.gem.13054096,gemeinde,de.mv.krs.13054
de.mv.gem.13054097,gemeinde,de.mv.krs.13054
de.mv.gem.13054098,gemeinde,de.mv.krs.13054
de.mv.gem.13054099,gemeinde,de.mv.krs.13054
de.mv.gem.13054100,gemeinde,de.mv.krs.13054
de.mv.gem.13054101,gemeinde,de.mv.krs.13054
de.mv.gem.13054102,gemeinde,de.mv.krs.13054
de.mv.gem.13054103,gemeinde,de.mv.krs.13054
de.mv.gem.13054104,gemeinde,de.mv.krs.13054
de.mv.gem.13054105,gemeinde,de.mv.krs.13054
de.mv.gem.13054106,gemeinde,de.mv.krs.13054
de.mv.gem.13054107,gemeinde,de.mv.krs.13054
de.mv.gem.13054108,gemeinde,de.mv.krs.13054
de.mv.gem.13054109,gemeinde,de.mv.krs.13054
de.mv.gem.13054110,gemeinde,de.mv.krs.13054
de.mv.gem.13054111,gemeinde,de.mv.krs.13054
de.mv.gem.13054112,gemeinde,de.mv.krs.13054
de.mv.gem.13054113,gemeinde,de.mv.krs.13054
de.mv.gem.13054114,gemeinde,de.mv.krs.13054
de.mv.gem.13054115,gemeinde,de.mv.krs.13054
de.mv.gem.13054116,gemeinde,de.mv.krs.13054
de.mv.gem.13054117,gemeinde,de.mv.krs.13054
de.mv.gem.13054118,gemeinde,de.mv.krs.13054
de.mv.gem.13054119,gemeinde,de.mv.krs.13054
de.mv.gem.13054120,gemeinde,de.mv.krs.13054
de.mv.gem.13054121,gemeinde,de.mv.krs.13054
de.mv.gem.13054122,gemeinde,de.mv.krs.13054
de.mv.gem.13054123,gemeinde,de.mv.krs.13054
de.mv.gem.13055001,gemeinde,de.mv.krs.13055
de.mv.gem.13055002,gemeinde,de.mv.krs.13055
de.mv.gem.13055003,gemeinde,de.mv.krs.13055
de.mv.gem.13055004,gemeinde,de.mv.krs.13055
de.mv.gem.13055005,gemeinde,de.mv.krs.13055
de.mv.gem.13055006,gemeinde,de.mv.krs.13055
de.mv.gem.13055007,gemeinde,de.mv.krs.13055
de.mv.gem.13055008,gemeinde,de.mv.krs.13055
de.mv.gem.13055009,gemeinde,de.mv.krs.13055
de.mv.gem.13055010,gemeinde,de.mv.krs.13055
de.mv.gem.13055011,gemeinde,de.mv.krs.13055
de.mv.gem.13055012,gemeinde,de.mv.krs.13055
de.mv.gem.13055013,gemeinde,de.mv.krs.13055
de.mv.gem.13055014,gemeinde,de.mv.krs.13055
de.mv.gem.13055015,gemeinde,de.mv.krs.13055
de.mv.gem.13055016,gemeinde,de.mv.krs.13055
de.mv.gem.13055017,gemeinde,de.mv.krs.13055
de.mv.gem.13055018,gemeinde,de.mv.krs.13055
de.mv.gem.13055019,gemeinde,de.mv.krs.13055
de.mv.gem.13055020,gemeinde,de.mv.krs.13055
de.mv.gem.13055021,gemeinde,de.mv.krs.13055
de.mv.gem.13055022,gemeinde,de.mv.krs.13055
de.mv.gem.13055023,gemeinde,de.mv.krs.13055
de.mv.gem.13055024,gemeinde,de.mv.krs.13055
de.mv.gem.13055025,gemeinde,de.mv.krs.13055
de.mv.gem.13055026,gemeinde,de.mv.krs.13055
de.mv.gem.13055027,gemeinde,de.mv.krs.13055
de.mv.gem.13055028,gemeinde,de.mv.krs.13055
de.mv.gem.13055029,gemeinde,de.mv.krs.13055
de.mv.gem.13055030,gemeinde,de.mv.krs.13055
de.mv.gem.13055031,gemeinde,de.mv.krs.13055
de.mv.gem.13055032,gemeinde,de.mv.krs.13055
de.mv.gem.13055033,gemeinde,de.mv.krs.13055
de.mv.gem.13055034,gemeinde,de.mv.krs.13055
de.mv.gem.13055035,gemeinde,de.mv.krs.13055
de.mv.gem.13055036,gemeinde,de.mv.krs.13055
de.mv.gem.13055037,gemeinde,de.mv.krs.13055
de.mv.gem.13055038,gemeinde,de.mv.krs.13055
de.mv.gem.13055039,gemeinde,de.mv.krs.13055
de.mv.gem.13055040,gemeinde,de.mv.krs.13055
de.mv.gem.13055041,gemeinde,de.mv.krs.13055
de.mv.gem.13055042,gemeinde,de.mv.krs.13055
de.mv.gem.13055043,gemeinde,de.mv.krs.13055
de.mv.gem.13055044,gemeinde,de.mv.krs.13055
de.mv.gem.13055045,gemeinde,de.mv.krs.13055
de.mv.gem.13055046,gemeinde,de.mv.krs.13055
de.mv.gem.13055047,gemeinde,de.mv.krs.13055
de.mv.gem.13055048,gemeinde,de.mv.krs.13055
de.mv.gem.13055049,gemeinde,de.mv.krs.13055
de.mv.gem.13055050,gemeinde,de.mv.krs.13055
de.mv.gem.13055051,gemeinde,de.mv.krs.13055
de.mv.gem.13055052,gemeinde,de.mv.krs.13055
de.mv.gem.13055053,gemeinde,de.mv.krs.13055
de.mv.gem.13055054,gemeinde,de.mv.krs.13055
de.mv.gem.13055055,gemeinde,de.mv.krs.13055
de.mv.gem.13055056,gemeinde,de.mv.krs.13055
de.mv.gem.13055057,gemeinde,de.mv.krs.13055
de.mv.gem.13055058,gemeinde,de.mv.krs.13055
de.mv.gem.13055059,gemeinde,de.mv.krs.13055
de.mv.gem.13055060,gemeinde,de.mv.krs.13055
de.mv.gem.13055061,gemeinde,de.mv.krs.13055
de.mv.gem.13055062,gemeinde,de.mv.krs.13055
de.mv.gem.13055063,gemeinde,de.mv.krs.13055
de.mv.gem.13055064,gemeinde,de.mv.krs.13055
de.mv.gem.13055065,gemeinde,de.mv.krs.13055
de.mv.gem.13055066,gemeinde,de.mv.krs.13055
de.mv.gem.13055067,gemeinde,de.mv.krs.13055
de.mv.gem.13055068,gemeinde,de.mv.krs.13055
de.mv.gem.13055069,gemeinde,de.mv.krs.13055
de.mv.gem.13055070,gemeinde,de.mv.krs.13055
de.mv.gem.13055071,gemeinde,de.mv.krs.13055
de.mv.gem.13055072,gemeinde,de.mv.krs.13055
de.mv.gem.13055073,gemeinde,de.mv.krs.13055
de.mv.gem.13055074,gemeinde,de.mv.krs.13055
de.mv.gem.13055075,gemeinde,de.mv.krs.13055
de.mv.gem.13055076,gemeinde,de.mv.krs.13055
de.mv.gem.13055077,gemeinde,de.mv.krs.13055
de.mv.gem.13055078,gemeinde,de.mv.krs.13055
de.mv.gem.13055079,gemeinde,de.mv.krs.13055
de.mv.gem.13055080,gemeinde,de.mv.krs.13055
de.mv.gem.13055081,gemeinde,de.mv.krs.13055
de.mv.gem.13056001,gemeinde,de.mv.krs.13056
de.mv.gem.13056002,gemeinde,de.mv.krs.13056
de.mv.gem.13056003,gemeinde,de.mv.krs.13056
de.mv.gem.13056004,gemeinde,de.mv.krs.13056
de.mv.gem.13056005,gemeinde,de.mv.krs.13056
de.mv.gem.13056006,gemeinde,de.mv.krs.13056
de.mv.gem.13056007,gemeinde,de.mv.krs.13056
de.mv.gem.13056008,gemeinde,de.mv.krs.13056
de.mv.gem.13056009,gemeinde,de.mv.krs.13056
de.mv.gem.13056010,gemeinde,de.mv.krs.13056
de.mv.gem.13056011,gemeinde,de.mv.krs.13056
de.mv.gem.13056012,gemeinde,de.mv.krs.13056
de.mv.gem.13056013,gemeinde,de.mv.krs.13056
de.mv.gem.13056014,gemeinde,de.mv.krs.13056
de.mv.gem.13056015,gemeinde,de.mv.krs.13056
de.mv.gem.13056016,gemeinde,de.mv.krs.13056
de.mv.gem.13056017,gemeinde,de.mv.krs.13056
de.mv.gem.13056018,gemeinde,de.mv.krs.13056
de.mv.gem.13056019,gemeinde,de.mv.krs.13056
de.mv.gem.13056020,gemeinde,de.mv.krs.13056
de.mv.gem.13056021,gemeinde,de.mv.krs.13056
de.mv.gem.13056022,gemeinde,de.mv.krs.13056
de.mv.gem.13056023,gemeinde,de.mv.krs.13056
de.mv.gem.13056024,gemeinde,de.mv.krs.13056
de.mv.gem.13056025,gemeinde,de.mv.krs.13056
de.mv.gem.13056026,gemeinde,de.mv.krs.13056
de.mv.gem.13056027,gemeinde,de.mv.krs.13056
de.mv.gem.13056028,gemeinde,de.mv.krs.13056
de.mv.gem.13056029,gemeinde,de.mv.krs.13056
de.mv.gem.13056030,gemeinde,de.mv.krs.13056
de.mv.gem.13056031,gemeinde,de.mv.krs.13056
de.mv.gem.13056032,gemeinde,de.mv.krs.13056
de.mv.gem.13056033,gemeinde,de.mv.krs.13056
de.mv.gem.13056034,gemeinde,de.mv.krs.13056
de.mv.gem.13056035,gemeinde,de.mv.krs.13056
de.mv.gem.13056036,gemeinde,de.mv.krs.13056
de.mv.gem.13056037,gemeinde,de.mv.krs.13056
de.mv.gem.13056038,gemeinde,de.mv.krs.13056
de.mv.gem.13056039,gemeinde,de.mv.krs.13056
de.mv.gem.13056040,gemeinde,de.mv.krs.13056
de.mv.gem.13056041,gemeinde,de.mv.krs.13056
de.mv.gem.13056042,gemeinde,de.mv.krs.13056
de.mv.gem.13056043,gemeinde,de.mv.krs.13056
de.mv.gem.13056044,gemeinde,de.mv.krs.13056
de.mv.gem.13056045,gemeinde,de.mv.krs.13056
de.mv.gem.13056046,gemeinde,de.mv.krs.13056
de.mv.gem.13056047,gemeinde,de.mv.krs.13056
de.mv.gem.13056048,gemeinde,de.mv.krs.13056
de.mv.gem.13056049,gemeinde,de.mv.krs.13056
de.mv.gem.13056050,gemeinde,de.mv.krs.13056
de.mv.gem.13056051,gemeinde,de.mv.krs.13056
de.mv.gem.13056052,gemeinde,de.mv.krs.13056
de.mv.gem.13056053,gemeinde,de.mv.krs.13056
de.mv.gem.13056054,gemeinde,de.mv.krs.13056
de.mv.gem.13056055,gemeinde,de.mv.krs.13056
de.mv.gem.13056056,gemeinde,de.mv.krs.13056
de.mv.gem.13056057,gemeinde,de.mv.krs.13056
de.mv.gem.13056058,gemeinde,de.mv.krs.13056
de.mv.gem.13056059,gemeinde,de.mv.krs.13056
de.mv.gem.13056060,gemeinde,de.mv.krs.13056
de.mv.gem.13056061,gemeinde,de.mv.krs.13056
de.mv.gem.13056062,gemeinde,de.mv.krs.13056
de.mv.gem.13056063,gemeinde,de.mv.krs.13056
de.mv.gem.13056064,gemeinde,de.mv.krs.13056
de.mv.gem.13056065,gemeinde,de.mv.krs.13056
de.mv.gem.13056066,gemeinde,de.mv.krs.13056
de.mv.gem.13056067,gemeinde,de.mv.krs.13056
de.mv.gem.13056068,gemeinde,de.mv.krs.13056
de.mv.gem.13056069,gemeinde,de.mv.krs.13056
de.mv.gem.13056070,gemeinde,de.mv.krs.13056
de.mv.gem.13056071,gemeinde,de.mv.krs.13056
de.mv.gem.13056072,gemeinde,de.mv.krs.13056
de.mv.gem.13056073,gemeinde,de.mv.krs.13056
de.mv.gem.13056074,gemeinde,de.mv.krs.13056
de.mv.gem.13056075,gemeinde,de.mv.krs.13056
de.mv.gem.13057001,gemeinde,de.mv.krs.13057
de.mv.gem.13057002,gemeinde,de.mv.krs.13057
de.mv.gem.13057003,gemeinde,de.mv.krs.13057
de.mv.gem.13057005,gemeinde,de.mv.krs.13057
de.mv.gem.13057006,gemeinde,de.mv.krs.13057
de.mv.gem.13057007,gemeinde,de.mv.krs.13057
de.mv.gem.13057008,gemeinde,de.mv.krs.13057
de.mv.gem.13057009,gemeinde,de.mv.krs.13057
de.mv.gem.13057010,gemeinde,de.mv.krs.13057
de.mv.gem.13057011,gemeinde,de.mv.krs.13057
de.mv.gem.13057012,gemeinde,de.mv.krs.13057
de.mv.gem.13057013,gemeinde,de.mv.krs.13057
de.mv.gem.13057014,gemeinde,de.mv.krs.13057
de.mv.gem.13057015,gemeinde,de.mv.krs.13057
de.mv.gem.13057016,gemeinde,de.mv.krs.13057
de.mv.gem.13057017,gemeinde,de.mv.krs.13057
de.mv.gem.13057018,gemeinde,de.mv.krs.13057
de.mv.gem.13057019,gemeinde,de.mv.krs.13057
de.mv.gem.13057020,gemeinde,de.mv.krs.13057
de.mv.gem.13057021,gemeinde,de.mv.krs.13057
de.mv.gem.13057022,gemeinde,de.mv.krs.13057
de.mv.gem.13057023,gemeinde,de.mv.krs.13057
de.mv.gem.13057024,gemeinde,de.mv.krs.13057
de.mv.gem.13057025,gemeinde,de.mv.krs.13057
de.mv.gem.13057026,gemeinde,de.mv.krs.13057
de.mv.gem.13057027,gemeinde,de.mv.krs.13057
de.mv.gem.13057028,gemeinde,de.mv.krs.13057
de.mv.gem.13057029,gemeinde,de.mv.krs.13057
de.mv.gem.13057030,gemeinde,de.mv.krs.13057
de.mv.gem.13057031,gemeinde,de.mv.krs.13057
de.mv.gem.13057032,gemeinde,de.mv.krs.13057
de.mv.gem.13057033,gemeinde,de.mv.krs.13057
de.mv.gem.13057034,gemeinde,de.mv.krs.13057
de.mv.gem.13057035,gemeinde,de.mv.krs.13057
de.mv.gem.13057036,gemeinde,de.mv.krs.13057
de.mv.gem.13057037,gemeinde,de.mv.krs.13057
de.mv.gem.13057038,gemeinde,de.mv.krs.13057
de.mv.gem.13057039,gemeinde,de.mv.krs.13057
de.mv.gem.13057040,gemeinde,de.mv.krs.13057
de.mv.gem.13057041,gemeinde,de.mv.krs.13057
de.mv.gem.13057042,gemeinde,de.mv.krs.13057
de.mv.gem.13057043,gemeinde,de.mv.krs.13057
de.mv.gem.13057044,gemeinde,de.mv.krs.13057
de.mv.gem.13057045,gemeinde,de.mv.krs.13057
de.mv.gem.13057046,gemeinde,de.mv.krs.13057
de.mv.gem.13057047,gemeinde,de.mv.krs.13057
de.mv.gem.13057048,gemeinde,de.mv.krs.13057
de.mv.gem.13057049,gemeinde,de.mv.krs.13057
de.mv.gem.13057050,gemeinde,de.mv.krs.13057
de.mv.gem.13057051,gemeinde,de.mv.krs.13057
de.mv.gem.13057052,gemeinde,de.mv.krs.13057
de.mv.gem.13057053,gemeinde,de.mv.krs.13057
de.mv.gem.13057054,gemeinde,de.mv.krs.13057
de.mv.gem.13057055,gemeinde,de.mv.krs.13057
de.mv.gem.13057056,gemeinde,de.mv.krs.13057
de.mv.gem.13057057,gemeinde,de.mv.krs.13057
de.mv.gem.13057058,gemeinde,de.mv.krs.13057
de.mv.gem.13057059,gemeinde,de.mv.krs.13057
de.mv.gem.13057060,gemeinde,de.mv.krs.13057
de.mv.gem.13057061,gemeinde,de.mv.krs.13057
de.mv.gem.13057062,gemeinde,de.mv.krs.13057
de.mv.gem.13057063,gemeinde,de.mv.krs.13057
de.mv.gem.13057064,gemeinde,de.mv.krs.13057
de.mv.gem.13057065,gemeinde,de.mv.krs.13057
de.mv.gem.13057066,gemeinde,de.mv.krs.13057
de.mv.gem.13057067,gemeinde,de.mv.krs.13057
de.mv.gem.13057068,gemeinde,de.mv.krs.13057
de.mv.gem.13057069,gemeinde,de.mv.krs.13057
de.mv.gem.13057070,gemeinde,de.mv.krs.13057
de.mv.gem.13057071,gemeinde,de.mv.krs.13057
de.mv.gem.13057072,gemeinde,de.mv.krs.13057
de.mv.gem.13057073,gemeinde,de.mv.krs.13057
de.mv.gem.13057074,gemeinde,de.mv.krs.13057
de.mv.gem.13057075,gemeinde,de.mv.krs.13057
de.mv.gem.13057076,gemeinde,de.mv.krs.13057
de.mv.gem.13057077,gemeinde,de.mv.krs.13057
de.mv.gem.13057078,gemeinde,de.mv.krs.13057
de.mv.gem.13057079,gemeinde,de.mv.krs.13057
de.mv.gem.13057080,gemeinde,de.mv.krs.13057
de.mv.gem.13057081,gemeinde,de.mv.krs.13057
de.mv.gem.13057082,gemeinde,de.mv.krs.13057
de.mv.gem.13057083,gemeinde,de.mv.krs.13057
de.mv.gem.13057084,gemeinde,de.mv.krs.13057
de.mv.gem.13057085,gemeinde,de.mv.krs.13057
de.mv.gem.13057086,gemeinde,de.mv.krs.13057
de.mv.gem.13057087,gemeinde,de.mv.krs.13057
de.mv.gem.13057088,gemeinde,de.mv.krs.13057
de.mv.gem.13057089,gemeinde,de.mv.krs.13057
de.mv.gem.13057090,gemeinde,de.mv.krs.13057
de.mv.gem.13057091,gemeinde,de.mv.krs.13057
de.mv.gem.13057092,gemeinde,de.mv.krs.13057
de.mv.gem.13057093,gemeinde,de.mv.krs.13057
de.mv.gem.13057094,gemeinde,de.mv.krs.13057
de.mv.gem.13057095,gemeinde,de.mv.krs.13057
de.mv.gem.13057096,gemeinde,de.mv.krs.13057
de.mv.gem.13058001,gemeinde,de.mv.krs.13058
de.mv.gem.13058002,gemeinde,de.mv.krs.13058
de.mv.gem.13058003,gemeinde,de.mv.krs.13058
de.mv.gem.13058004,gemeinde,de.mv.krs.13058
de.mv.gem.13058005,gemeinde,de.mv.krs.13058
de.mv.gem.13058006,gemeinde,de.mv.krs.13058
de.mv.gem.13058007,gemeinde,de.mv.krs.13058
de.mv.gem.13058008,gemeinde,de.mv.krs.13058
de.mv.gem.13058009,gemeinde,de.mv.krs.13058
de.mv.gem.13058010,gemeinde,de.mv.krs.13058
de.mv.gem.13058011,gemeinde,de.mv.krs.13058
de.mv.gem.13058012,gemeinde,de.mv.krs.13058
de.mv.gem.13058013,gemeinde,de.mv.krs.13058
de.mv.gem.13058014,gemeinde,de.mv.krs.13058
de.mv.gem.13058015,gemeinde,de.mv.krs.13058
de.mv.gem.13058016,gemeinde,de.mv.krs.13058
de.mv.gem.13058017,gemeinde,de.mv.krs.13058
de.mv.gem.13058018,gemeinde,de.mv.krs.13058
de.mv.gem.13058019,gemeinde,de.mv.krs.13058
de.mv.gem.13058020,gemeinde,de.mv.krs.13058
de.mv.gem.13058021,gemeinde,de.mv.krs.13058
de.mv.gem.13058022,gemeinde,de.mv.krs.13058
de.mv.gem.13058023,gemeinde,de.mv.krs.13058
de.mv.gem.13058024,gemeinde,de.mv.krs.13058
de.mv.gem.13058025,gemeinde,de.mv.krs.13058
de.mv.gem.13058026,gemeinde,de.mv.krs.13058
de.mv.gem.13058027,gemeinde,de.mv.krs.13058
de.mv.gem.13058028,gemeinde,de.mv.krs.13058
de.mv.gem.13058029,gemeinde,de.mv.krs.13058
de.mv.gem.13058030,gemeinde,de.mv.krs.13058
de.mv.gem.13058031,gemeinde,de.mv.krs.13058
de.mv.gem.13058032,gemeinde,de.mv.krs.13058
de.mv.gem.13058033,gemeinde,de.mv.krs.13058
de.mv.gem.13058034,gemeinde,de.mv.krs.13058
de.mv.gem.13058035,gemeinde,de.mv.krs.13058
de.mv.gem.13058036,gemeinde,de.mv.krs.13058
de.mv.gem.13058037,gemeinde,de.mv.krs.13058
de.mv.gem.13058038,gemeinde,de.mv.krs.13058
de.mv.gem.13058039,gemeinde,de.mv.krs.13058
de.mv.gem.13058040,gemeinde,de.mv.krs.13058
de.mv.gem.13058041,gemeinde,de.mv.krs.13058
de.mv.gem.13058042,gemeinde,de.mv.krs.13058
de.mv.gem.13058043,gemeinde,de.mv.krs.13058
de.mv.gem.13058044,gemeinde,de.mv.krs.13058
de.mv.gem.13058045,gemeinde,de.mv.krs.13058
de.mv.gem.13058046,gemeinde,de.mv.krs.13058
de.mv.gem.13058047,gemeinde,de.mv.krs.13058
de.mv.gem.13058048,gemeinde,de.mv.krs.13058
de.mv.gem.13058049,gemeinde,de.mv.krs.13058
de.mv.gem.13058050,gemeinde,de.mv.krs.13058
de.mv.gem.13058051,gemeinde,de.mv.krs.13058
de.mv.gem.13058052,gemeinde,de.mv.krs.13058
de.mv.gem.13058053,gemeinde,de.mv.krs.13058
de.mv.gem.13058054,gemeinde,de.mv.krs.13058
de.mv.gem.13058055,gemeinde,de.mv.krs.13058
de.mv.gem.13058056,gemeinde,de.mv.krs.13058
de.mv.gem.13058057,gemeinde,de.mv.krs.13058
de.mv.gem.13058058,gemeinde,de.mv.krs.13058
de.mv.gem.13058059,gemeinde,de.mv.krs.13058
de.mv.gem.13058060,gemeinde,de.mv.krs.13058
de.mv.gem.13058061,gemeinde,de.mv.krs.13058
de.mv.gem.13058062,gemeinde,de.mv.krs.13058
de.mv.gem.13058063,gemeinde,de.mv.krs.13058
de.mv.gem.13058064,gemeinde,de.mv.krs.13058
de.mv.gem.13058065,gemeinde,de.mv.krs.13058
de.mv.gem.13058066,gemeinde,de.mv.krs.13058
de.mv.gem.13058067,gemeinde,de.mv.krs.13058
de.mv.gem.13058068,gemeinde,de.mv.krs.13058
de.mv.gem.13058069,gemeinde,de.mv.krs.13058
de.mv.gem.13058070,gemeinde,de.mv.krs.13058
de.mv.gem.13058071,gemeinde,de.mv.krs.13058
de.mv.gem.13058072,gemeinde,de.mv.krs.13058
de.mv.gem.13058073,gemeinde,de.mv.krs.13058
de.mv.gem.13058074,gemeinde,de.mv.krs.13058
de.mv.gem.13058075,gemeinde,de.mv.krs.13058
de.mv.gem.13058076,gemeinde,de.mv.krs.13058
de.mv.gem.13058077,gemeinde,de.mv.krs.13058
de.mv.gem.13058078,gemeinde,de.mv.krs.13058
de.mv.gem.13058079,gemeinde,de.mv.krs.13058
de.mv.gem.13058080,gemeinde,de.mv.krs.13058
de.mv.gem.13058081,gemeinde,de.mv.krs.13058
de.mv.gem.13058082,gemeinde,de.mv.krs.13058
de.mv.gem.13058083,gemeinde,de.mv.krs.13058
de.mv.gem.13058084,gemeinde,de.mv.krs.13058
de.mv.gem.13058085,gemeinde,de.mv.krs.13058
de.mv.gem.13058086,gemeinde,de.mv.krs.13058
de.mv.gem.13058087,gemeinde,de.mv.krs.13058
de.mv.gem.13058088,gemeinde,de.mv.krs.13058
de.mv.gem.13058089,gemeinde,de.mv.krs.13058
de.mv.gem.13058090,gemeinde,de.mv.krs.13058
de.mv.gem.13058091,gemeinde,de.mv.krs.13058
de.mv.gem.13058092,gemeinde,de.mv.krs.13058
de.mv.gem.13058093,gemeinde,de.mv.krs.13058
de.mv.gem.13058094,gemeinde,de.mv.krs.13058
de.mv.gem.13058095,gemeinde,de.mv.krs.13058
de.mv.gem.13058096,gemeinde,de.mv.krs.13058
de.mv.gem.13058097,gemeinde,de.mv.krs.13058
de.mv.gem.13058098,gemeinde,de.mv.krs.13058
de.mv.gem.13058099,gemeinde,de.mv.krs.13058
de.mv.gem.13058100,gemeinde,de.mv.krs.13058
de.mv.gem.13058101,gemeinde,de.mv.krs.13058
de.mv.gem.13058102,gemeinde,de.mv.krs.13058
de.mv.gem.13058103,gemeinde,de.mv.krs.13058
de.mv.gem.13058104,gemeinde,de.mv.krs.13058
de.mv.gem.13058105,gemeinde,de.mv.krs.13058
de.mv.gem.13058106,gemeinde,de.mv.krs.13058
de.mv.gem.13058107,gemeinde,de.mv.krs.13058
de.mv.gem.13058108,gemeinde,de.mv.krs.13058
de.mv.gem.13058109,gemeinde,de.mv.krs.13058
de.mv.gem.13058110,gemeinde,de.mv.krs.13058
de.mv.gem.13058111,gemeinde,de.mv.krs.13058
de.mv.gem.13059001,gemeinde,de.mv.krs.13059
de.mv.gem.13059002,gemeinde,de.mv.krs.13059
de.mv.gem.13059003,gemeinde,de.mv.krs.13059
de.mv.gem.13059004,gemeinde,de.mv.krs.13059
de.mv.gem.13059005,gemeinde,de.mv.krs.13059
de.mv.gem.13059006,gemeinde,de.mv.krs.13059
de.mv.gem.13059007,gemeinde,de.mv.krs.13059
de.mv.gem.13059008,gemeinde,de.mv.krs.13059
de.mv.gem.13059009,gemeinde,de.mv.krs.13059
de.mv.gem.13059010,gemeinde,de.mv.krs.13059
de.mv.gem.13059011,gemeinde,de.mv.krs.13059
de.mv.gem.13059012,gemeinde,de.mv.krs.13059
de.mv.gem.13059013,gemeinde,de.mv.krs.13059
de.mv.gem.13059014,gemeinde,de.mv.krs.13059
de.mv.gem.13059015,gemeinde,de.mv.krs.13059
de.mv.gem.13059016,gemeinde,de.mv.krs.13059
de.mv.gem.13059017,gemeinde,de.mv.krs.13059
de.mv.gem.13059018,gemeinde,de.mv.krs.13059
de.mv.gem.13059019,gemeinde,de.mv.krs.13059
de.mv.gem.13059020,gemeinde,de.mv.krs.13059
de.mv.gem.13059021,gemeinde,de.mv.krs.13059
de.mv.gem.13059022,gemeinde,de.mv.krs.13059
de.mv.gem.13059023,gemeinde,de.mv.krs.13059
de.mv.gem.13059024,gemeinde,de.mv.krs.13059
de.mv.gem.13059025,gemeinde,de.mv.krs.13059
de.mv.gem.13059026,gemeinde,de.mv.krs.13059
de.mv.gem.13059027,gemeinde,de.mv.krs.13059
de.mv.gem.13059028,gemeinde,de.mv.krs.13059
de.mv.gem.13059029,gemeinde,de.mv.krs.13059
de.mv.gem.13059030,gemeinde,de.mv.krs.13059
de.mv.gem.13059031,gemeinde,de.mv.krs.13059
de.mv.gem.13059032,gemeinde,de.mv.krs.13059
de.mv.gem.13059033,gemeinde,de.mv.krs.13059
de.mv.gem.13059034,gemeinde,de.mv.krs.13059
de.mv.gem.13059035,gemeinde,de.mv.krs.13059
de.mv.gem.13059036,gemeinde,de.mv.krs.13059
de.mv.gem.13059037,gemeinde,de.mv.krs.13059
de.mv.gem.13059038,gemeinde,de.mv.krs.13059
de.mv.gem.13059039,gemeinde,de.mv.krs.13059
de.mv.gem.13059040,gemeinde,de.mv.krs.13059
de.mv.gem.13059041,gemeinde,de.mv.krs.13059
de.mv.gem.13059042,gemeinde,de.mv.krs.13059
de.mv.gem.13059043,gemeinde,de.mv.krs.13059
de.mv.gem.13059044,gemeinde,de.mv.krs.13059
de.mv.gem.13059045,gemeinde,de.mv.krs.13059
de.mv.gem.13059046,gemeinde,de.mv.krs.13059
de.mv.gem.13059047,gemeinde,de.mv.krs.13059
de.mv.gem.13059048,gemeinde,de.mv.krs.13059
de.mv.gem.13059049,gemeinde,de.mv.krs.13059
de.mv.gem.13059050,gemeinde,de.mv.krs.13059
de.mv.gem.13059051,gemeinde,de.mv.krs.13059
de.mv.gem.13059052,gemeinde,de.mv.krs.13059
de.mv.gem.13059053,gemeinde,de.mv.krs.13059
de.mv.gem.13059054,gemeinde,de.mv.krs.13059
de.mv.gem.13059055,gemeinde,de.mv.krs.13059
de.mv.gem.13059056,gemeinde,de.mv.krs.13059
de.mv.gem.13059057,gemeinde,de.mv.krs.13059
de.mv.gem.13059058,gemeinde,de.mv.krs.13059
de.mv.gem.13059059,gemeinde,de.mv.krs.13059
de.mv.gem.13059060,gemeinde,de.mv.krs.13059
de.mv.gem.13059061,gemeinde,de.mv.krs.13059
de.mv.gem.13059062,gemeinde,de.mv.krs.13059
de.mv.gem.13059063,gemeinde,de.mv.krs.13059
de.mv.gem.13059064,gemeinde,de.mv.krs.13059
de.mv.gem.13059065,gemeinde,de.mv.krs.13059
de.mv.gem.13059066,gemeinde,de.mv.krs.13059
de.mv.gem.13059067,gemeinde,de.mv.krs.13059
de.mv.gem.13059068,gemeinde,de.mv.krs.13059
de.mv.gem.13059069,gemeinde,de.mv.krs.13059
de.mv.gem.13059070,gemeinde,de.mv.krs.13059
de.mv.gem.13059071,gemeinde,de.mv.krs.13059
de.mv.gem.13059072,gemeinde,de.mv.krs.13059
de.mv.gem.13059073,gemeinde,de.mv.krs.13059
de.mv.gem.13059074,gemeinde,de.mv.krs.13059
de.mv.gem.13059075,gemeinde,de.mv.krs.13059
de.mv.gem.13059076,gemeinde,de.mv.krs.13059
de.mv.gem.13059077,gemeinde,de.mv.krs.13059
de.mv.gem.13059078,gemeinde,de.mv.krs.13059
de.mv.gem.13059079,gemeinde,de.mv.krs.13059
de.mv.gem.13059080,gemeinde,de.mv.krs.13059
de.mv.gem.13059081,gemeinde,de.mv.krs.13059
de.mv.gem.13059082,gemeinde,de.mv.krs.13059
de.mv.gem.13059083,gemeinde,de.mv.krs.13059
de.mv.gem.13059084,gemeinde,de.mv.krs.13059
de.mv.gem.13059085,gemeinde,de.mv.krs.13059
de.mv.gem.13059086,gemeinde,de.mv.krs.13059
de.mv.gem.13059087,gemeinde,de.mv.krs.13059
de.mv.gem.13059088,gemeinde,de.mv.krs.13059
de.mv.gem.13059089,gemeinde,de.mv.krs.13059
de.mv.gem.13059090,gemeinde,de.mv.krs.13059
de.mv.gem.13059091,gemeinde,de.mv.krs.13059
de.mv.gem.13059092,gemeinde,de.mv.krs.13059
de.mv.gem.13059093,gemeinde,de.mv.krs.13059
de.mv.gem.13059094,gemeinde,de.mv.krs.13059
de.mv.gem.13059095,gemeinde,de.mv.krs.13059
de.mv.gem.13059096,gemeinde,de.mv.krs.13059
de.mv.gem.13059097,gemeinde,de.mv.krs.13059
de.mv.gem.13059098,gemeinde,de.mv.krs.13059
de.mv.gem.13059099,gemeinde,de.mv.krs.13059
de.mv.gem.13059100,gemeinde,de.mv.krs.13059
de.mv.gem.13059101,gemeinde,de.mv.krs.13059
de.mv.gem.13059102,gemeinde,de.mv.krs.13059
de.mv.gem.13059103,gemeinde,de.mv.krs.13059
de.mv.gem.13059104,gemeinde,de.mv.krs.13059
de.mv.gem.13059105,gemeinde,de.mv.krs.13059
de.mv.gem.13059106,gemeinde,de.mv.krs.13059
de.mv.gem.13059107,gemeinde,de.mv.krs.13059
de.mv.gem.13059108,gemeinde,de.mv.krs.13059
de.mv.gem.13059109,gemeinde,de.mv.krs.13059
de.mv.gem.13059110,gemeinde,de.mv.krs.13059
de.mv.gem.13060001,gemeinde,de.mv.krs.13060
de.mv.gem.13060002,gemeinde,de.mv.krs.13060
de.mv.gem.13060003,gemeinde,de.mv.krs.13060
de.mv.gem.13060004,gemeinde,de.mv.krs.13060
de.mv.gem.13060005,gemeinde,de.mv.krs.13060
de.mv.gem.13060006,gemeinde,de.mv.krs.13060
de.mv.gem.13060007,gemeinde,de.mv.krs.13060
de.mv.gem.13060008,gemeinde,de.mv.krs.13060
de.mv.gem.13060009,gemeinde,de.mv.krs.13060
de.mv.gem.13060010,gemeinde,de.mv.krs.13060
de.mv.gem.13060011,gemeinde,de.mv.krs.13060
de.mv.gem.13060012,gemeinde,de.mv.krs.13060
de.mv.gem.13060013,gemeinde,de.mv.krs.13060
de.mv.gem.13060014,gemeinde,de.mv.krs.13060
de.mv.gem.13060015,gemeinde,de.mv.krs.13060
de.mv.gem.13060016,gemeinde,de.mv.krs.13060
de.mv.gem.13060017,gemeinde,de.mv.krs.13060
de.mv.gem.13060018,gemeinde,de.mv.krs.13060
de.mv.gem.13060019,gemeinde,de.mv.krs.13060
de.mv.gem.13060020,gemeinde,de.mv.krs.13060
de.mv.gem.13060021,gemeinde,de.mv.krs.13060
de.mv.gem.13060022,gemeinde,de.mv.krs.13060
de.mv.gem.13060023,gemeinde,de.mv.krs.13060
de.mv.gem.13060024,gemeinde,de.mv.krs.13060
de.mv.gem.13060025,gemeinde,de.mv.krs.13060
de.mv.gem.13060026,gemeinde,de.mv.krs.13060
de.mv.gem.13060027,gemeinde,de.mv.krs.13060
de.mv.gem.13060028,gemeinde,de.mv.krs.13060
de.mv.gem.13060029,gemeinde,de.mv.krs.13060
de.mv.gem.13060030,gemeinde,de.mv.krs.13060
de.mv.gem.13060031,gemeinde,de.mv.krs.13060
de.mv.gem.13060032,gemeinde,de.mv.krs.13060
de.mv.gem.13060033,gemeinde,de.mv.krs.13060
de.mv.gem.13060034,gemeinde,de.mv.krs.13060
de.mv.gem.13060035,gemeinde,de.mv.krs.13060
de.mv.gem.13060036,gemeinde,de.mv.krs.13060
de.mv.gem.13060037,gemeinde,de.mv.krs.13060
de.mv.gem.13060038,gemeinde,de.mv.krs.13060
de.mv.gem.13060039,gemeinde,de.mv.krs.13060
de.mv.gem.13060040,gemeinde,de.mv.krs.13060
de.mv.gem.13060041,gemeinde,de.mv.krs.13060
de.mv.gem.13060042,gemeinde,de.mv.krs.13060
de.mv.gem.13060043,gemeinde,de.mv.krs.13060
de.mv.gem.13060044,gemeinde,de.mv.krs.13060
de.mv.gem.13060045,gemeinde,de.mv.krs.13060
de.mv.gem.13060046,gemeinde,de.mv.krs.13060
de.mv.gem.13060047,gemeinde,de.mv.krs.13060
de.mv.gem.13060048,gemeinde,de.mv.krs.13060
de.mv.gem.13060049,gemeinde,de.mv.krs.13060
de.mv.gem.13060050,gemeinde,de.mv.krs.13060
de.mv.gem.13060051,gemeinde,de.mv.krs.13060
de.mv.gem.13060052,gemeinde,de.mv.krs.13060
de.mv.gem.13060053,gemeinde,de.mv.krs.13060
de.mv.gem.13060054,gemeinde,de.mv.krs.13060
de.mv.gem.13060055,gemeinde,de.mv.krs.13060
de.mv.gem.13060056,gemeinde,de.mv.krs.13060
de.mv.gem.13060057,gemeinde,de.mv.krs.13060
de.mv.gem.13060058,gemeinde,de.mv.krs.13060
de.mv.gem.13060059,gemeinde,de.mv.krs.13060
de.mv.gem.13060060,gemeinde,de.mv.krs.13060
de.mv.gem.13060061,gemeinde,de.mv.krs.13060
de.mv.gem.13060062,gemeinde,de.mv.krs.13060
de.mv.gem.13060063,gemeinde,de.mv.krs.13060
de.mv.gem.13060064,gemeinde,de.mv.krs.13060
de.mv.gem.13060065,gemeinde,de.mv.krs.13060
de.mv.gem.13060066,gemeinde,de.mv.krs.13060
de.mv.gem.13060067,gemeinde,de.mv.krs.13060
de.mv.gem.13060068,gemeinde,de.mv.krs.13060
de.mv.gem.13060069,gemeinde,de.mv.krs.13060
de.mv.gem.13060070,gemeinde,de.mv.krs.13060
de.mv.gem.13060071,gemeinde,de.mv.krs.13060
de.mv.gem.13060072,gemeinde,de.mv.krs.13060
de.mv.gem.13060073,gemeinde,de.mv.krs.13060
de.mv.gem.13060074,gemeinde,de.mv.krs.13060
de.mv.gem.13060075,gemeinde,de.mv.krs.13060
de.mv.gem.13060076,gemeinde,de.mv.krs.13060
de.mv.gem.13060077,gemeinde,de.mv.krs.13060
de.mv.gem.13060078,gemeinde,de.mv.krs.13060
de.mv.gem.13060079,gemeinde,de.mv.krs.13060
de.mv.gem.13060080,gemeinde,de.mv.krs.13060
de.mv.gem.13060081,gemeinde,de.mv.krs.13060
de.mv.gem.13060082,gemeinde,de.mv.krs.13060
de.mv.gem.13060083,gemeinde,de.mv.krs.13060
de.mv.gem.13060084,gemeinde,de.mv.krs.13060
de.mv.gem.13060085,gemeinde,de.mv.krs.13060
de.mv.gem.13060086,gemeinde,de.mv.krs.13060
de.mv.gem.13060087,gemeinde,de.mv.krs.13060
de.mv.gem.13060088,gemeinde,de.mv.krs.13060
de.mv.gem.13060089,gemeinde,de.mv.krs.13060
de.mv.gem.13060090,gemeinde,de.mv.krs.13060
de.mv.gem.13060091,gemeinde,de.mv.krs.13060
de.mv.gem.13060092,gemeinde,de.mv.krs.13060
de.mv.gem.13061001,gemeinde,de.mv.krs.13061
de.mv.gem.13061002,gemeinde,de.mv.krs.13061
de.mv.gem.13061003,gemeinde,de.mv.krs.13061
de.mv.gem.13061004,gemeinde,de.mv.krs.13061
de.mv.gem.13061005,gemeinde,de.mv.krs.13061
de.mv.gem.13061006,gemeinde,de.mv.krs.13061
de.mv.gem.13061007,gemeinde,de.mv.krs.13061
de.mv.gem.13061008,gemeinde,de.mv.krs.13061
de.mv.gem.13061009,gemeinde,de.mv.krs.13061
de.mv.gem.13061010,gemeinde,de.mv.krs.13061
de.mv.gem.13061011,gemeinde,de.mv.krs.13061
de.mv.gem.13061012,gemeinde,de.mv.krs.13061
de.mv.gem.13061013,gemeinde,de.mv.krs.13061
de.mv.gem.13061014,gemeinde,de.mv.krs.13061
de.mv.gem.13061015,gemeinde,de.mv.krs.13061
de.mv.gem.13061016,gemeinde,de.mv.krs.13061
de.mv.gem.13061017,gemeinde,de.mv.krs.13061
de.mv.gem.13061018,gemeinde,de.mv.krs.13061
de.mv.gem.13061019,gemeinde,de.mv.krs.13061
de.mv.gem.13061020,gemeinde,de.mv.krs.13061
de.mv.gem.13061021,gemeinde,de.mv.krs.13061
de.mv.gem.13061022,gemeinde,de.mv.krs.13061
de.mv.gem.13061023,gemeinde,de.mv.krs.13061
de.mv.gem.13061024,gemeinde,de.mv.krs.13061
de.mv.gem.13061025,gemeinde,de.mv.krs.13061
de.mv.gem.13061026,gemeinde,de.mv.krs.13061
de.mv.gem.13061027,gemeinde,de.mv.krs.13061
de.mv.gem.13061028,gemeinde,de.mv.krs.13061
de.mv.gem.13061029,gemeinde,de.mv.krs.13061
de.mv.gem.13061030,gemeinde,de.mv.krs.13061
de.mv.gem.13061031,gemeinde,de.mv.krs.13061
de.mv.gem.13061032,gemeinde,de.mv.krs.13061
de.mv.gem.13061033,gemeinde,de.mv.krs.13061
de.mv.gem.13061034,gemeinde,de.mv.krs.13061
de.mv.gem.13061035,gemeinde,de.mv.krs.13061
de.mv.gem.13061036,gemeinde,de.mv.krs.13061
de.mv.gem.13061037,gemeinde,de.mv.krs.13061
de.mv.gem.13061038,gemeinde,de.mv.krs.13061
de.mv.gem.13061039,gemeinde,de.mv.krs.13061
de.mv.gem.13061040,gemeinde,de.mv.krs.13061
de.mv.gem.13061041,gemeinde,de.mv.krs.13061
de.mv.gem.13061042,gemeinde,de.mv.krs.13061
de.mv.gem.13061043,gemeinde,de.mv.krs.13061
de.mv.gem.13061044,gemeinde,de.mv.krs.13061
de.mv.gem.13061045,gemeinde,de.mv.krs.13061
de.mv.gem.13062001,gemeinde,de.mv.krs.13062
de.mv.gem.13062002,gemeinde,de.mv.krs.13062
de.mv.gem.13062003,gemeinde,de.mv.krs.13062
de.mv.gem.13062004,gemeinde,de.mv.krs.13062
de.mv.gem.13062005,gemeinde,de.mv.krs.13062
de.mv.gem.13062006,gemeinde,de.mv.krs.13062
de.mv.gem.13062007,gemeinde,de.mv.krs.13062
de.mv.gem.13062008,gemeinde,de.mv.krs.13062
de.mv.gem.13062009,gemeinde,de.mv.krs.13062
de.mv.gem.13062010,gemeinde,de.mv.krs.13062
de.mv.gem.13062011,gemeinde,de.mv.krs.13062
de.mv.gem.13062012,gemeinde,de.mv.krs.13062
de.mv.gem.13062013,gemeinde,de.mv.krs.13062
de.mv.gem.13062014,gemeinde,de.mv.krs.13062
de.mv.gem.13062015,gemeinde,de.mv.krs.13062
de.mv.gem.13062016,gemeinde,de.mv.krs.13062
de.mv.gem.13062017,gemeinde,de.mv.krs.13062
de.mv.gem.13062018,gemeinde,de.mv.krs.13062
de.mv.gem.13062019,gemeinde,de.mv.krs.13062
de.mv.gem.13062020,gemeinde,de.mv.krs.13062
de.mv.gem.13062021,gemeinde,de.mv.krs.13062
de.mv.gem.13062022,gemeinde,de.mv.krs.13062
de.mv.gem.13062023,gemeinde,de.mv.krs.13062
de.mv.gem.13062024,gemeinde,de.mv.krs.13062
de.mv.gem.13062025,gemeinde,de.mv.krs.13062
de.mv.gem.13062026,gemeinde,de.mv.krs.13062
de.mv.gem.13062027,gemeinde,de.mv.krs.13062
de.mv.gem.13062028,gemeinde,de.mv.krs.13062
de.mv.gem.13062029,gemeinde,de.mv.krs.13062
de.mv.gem.13062030,gemeinde,de.mv.krs.13062
de.mv.gem.13062031,gemeinde,de.mv.krs.13062
de.mv.gem.13062032,gemeinde,de.mv.krs.13062
de.mv.gem.13062033,gemeinde,de.mv.krs.13062
de.mv.gem.13062034,gemeinde,de.mv.krs.13062
de.mv.gem.13062035,gemeinde,de.mv.krs.13062
de.mv.gem.13062036,gemeinde,de.mv.krs.13062
de.mv.gem.13062037,gemeinde,de.mv.krs.13062
de.mv.gem.13062038,gemeinde,de.mv.krs.13062
de.mv.gem.13062039,gemeinde,de.mv.krs.13062
de.mv.gem.13062040,gemeinde,de.mv.krs.13062
de.mv.gem.13062041,gemeinde,de.mv.krs.13062
de.mv.gem.13062042,gemeinde,de.mv.krs.13062
de.mv.gem.13062043,gemeinde,de.mv.krs.13062
de.mv.gem.13062044,gemeinde,de.mv.krs.13062
de.mv.gem.13062045,gemeinde,de.mv.krs.13062
de.mv.gem.13062046,gemeinde,de.mv.krs.13062
de.mv.gem.13062047,gemeinde,de.mv.krs.13062
de.mv.gem.13062048,gemeinde,de.mv.krs.13062
de.mv.gem.13062049,gemeinde,de.mv.krs.13062
de.mv.gem.13062050,gemeinde,de.mv.krs.13062
de.mv.gem.13062051,gemeinde,de.mv.krs.13062
de.mv.gem.13062052,gemeinde,de.mv.krs.13062
de.mv.gem.13062053,gemeinde,de.mv.krs.13062
de.mv.gem.13062054,gemeinde,de.mv.krs.13062
de.mv.gem.13062055,gemeinde,de.mv.krs.13062
de.mv.gem.13062056,gemeinde,de.mv.krs.13062
de.mv.gem.13062057,gemeinde,de.mv.krs.13062
de.mv.gem.13062058,gemeinde,de.mv.krs.13062
de.mv.gem.13062059,gemeinde,de.mv.krs.13062
de.mv.gem.13062060,gemeinde,de.mv.krs.13062
de.mv.gem.13062061,gemeinde,de.mv.krs.13062
de.mv.gem.13062062,gemeinde,de.mv.krs.13062
de.mv.gem.13062063,gemeinde,de.mv.krs.13062
de.mv.gem.13062064,gemeinde,de.mv.krs.13062
de.mv.gem.13062065,gemeinde,de.mv.krs.13062
